
> PokeExplorer@0.0.1 ios
> react-native run-ios

info A dev server is already running for this project on port 8081.
info Found Xcode workspace "PokeExplorer.xcworkspace"
info Found booted iPhone 17 Pro
info Building (using "xcodebuild -workspace PokeExplorer.xcworkspace -configuration Debug -scheme PokeExplorer -destination id=0A01A6FA-A43B-4766-ABFE-30C1818F4E93")
- Building the app.........
- Building the app...
- Building the app.......
- Building the app........
- Building the app.....
- Building the app......
- Building the app.....
- Building the app.........
- Building the app.
- Building the app..
- Building the app.
- Building the app....
- Building the app......
- Building the app......
- Building the app....
- Building the app......
- Building the app
- Building the app....
- Building the app........
- Building the app.........
- Building the app....
- Building the app.....
- Building the app........
- Building the app.......
- Building the app........
- Building the app.........
- Building the app.........
- Building the app
- Building the app..
- Building the app.
- Building the app....
- Building the app........
- Building the app.........
- Building the app.........
- Building the app
- Building the app.......
- Building the app........
- Building the app.........
- Building the app......
- Building the app.......
- Building the app.........
- Building the app........
- Building the app......
- Building the app.......
- Building the app.....
- Building the app.
- Building the app
- Building the app.
- Building the app..
- Building the app...
- Building the app......
- Building the app.......
- Building the app.........
- Building the app.
- Building the app...
- Building the app.....
- Building the app.......
- Building the app...
- Building the app......
- Building the app
- Building the app..
- Building the app....
- Building the app......
- Building the app........
- Building the app
- Building the app..
- Building the app.....
- Building the app......
- Building the app.
- Building the app...
- Building the app...
- Building the app
- Building the app.
- Building the app........
- Building the app
- Building the app..
- Building the app....
- Building the app......
- Building the app..
- Building the app..
- Building the app....
- Building the app........
- Building the app
- Building the app......
- Building the app..
- Building the app........
- Building the app......
- Building the app......
- Building the app....
- Building the app........
- Building the app......
- Building the app...
- Building the app.....
- Building the app.......
- Building the app.........
- Building the app.
- Building the app....
- Building the app.....
- Building the app.......
- Building the app.........
- Building the app.
- Building the app...
- Building the app.....
- Building the app......
- Building the app.......
- Building the app.
- Building the app.
- Building the app.......
- Building the app......
- Building the app....
- Building the app......
- Building the app.....
- Building the app.......
- Building the app.........
- Building the app
- Building the app......
- Building the app......
- Building the app..
- Building the app.........
- Building the app.
- Building the app......
- Building the app.......
- Building the app.......
- Building the app.....
- Building the app
- Building the app......
- Building the app........
- Building the app
- Building the app..
- Building the app
- Building the app........
- Building the app.........
- Building the app....
- Building the app......
- Building the app.........
- Building the app.........
- Building the app.
- Building the app....
- Building the app........
- Building the app.........
- Building the app.
- Building the app.
- Building the app...
- Building the app........
- Building the app.........
- Building the app..
- Building the app...
- Building the app
- Building the app.....
- Building the app...
- Building the app.
- Building the app.........
- Building the app
- Building the app........
- Building the app.......
- Building the app...
- Building the app
- Building the app.
- Building the app........
- Building the app......
- Building the app....
- Building the app.....
- Building the app.......
- Building the app.....
- Building the app.
- Building the app
- Building the app
- Building the app....
- Building the app.......
- Building the app.........
- Building the app..
- Building the app.......
- Building the app.........
- Building the app........
- Building the app...
- Building the app.....
- Building the app.....
- Building the app.........
- Building the app......
- Building the app......
- Building the app.......
- Building the app.........
- Building the app....
- Building the app
- Building the app..
- Building the app........
- Building the app
- Building the app........
- Building the app....
- Building the app....
- Building the app.
- Building the app
- Building the app..
- Building the app....
- Building the app.......
- Building the app.........
- Building the app.
- Building the app...
- Building the app.....
- Building the app.
- Building the app....
- Building the app.........
- Building the app.........
- Building the app......
- Building the app..
- Building the app.......
- Building the app.........
- Building the app
- Building the app........
- Building the app....
- Building the app.
- Building the app..
- Building the app
- Building the app......
- Building the app.....
- Building the app.....
- Building the app.
- Building the app...
- Building the app..
- Building the app..
- Building the app........
- Building the app.........
- Building the app....
- Building the app.........
- Building the app.........
- Building the app......
- Building the app....
- Building the app.....
- Building the app
- Building the app......
- Building the app....
- Building the app
- Building the app....
- Building the app.
- Building the app..
- Building the app.....
- Building the app.....
- Building the app
- Building the app........
- Building the app.......
- Building the app.......
- Building the app........
- Building the app....
- Building the app
- Building the app.........
- Building the app.........
- Building the app......
- Building the app.......
- Building the app....
- Building the app........
- Building the app.
- Building the app
- Building the app.
- Building the app....
- Building the app...
- Building the app.........
- Building the app
- Building the app.
- Building the app
- Building the app..
- Building the app.........
- Building the app
- Building the app........
- Building the app
- Building the app..
- Building the app....
- Building the app......
- Building the app
- Building the app..
- Building the app.........
- Building the app.
- Building the app.........
- Building the app...
- Building the app..
- Building the app....
- Building the app.....
- Building the app....
- Building the app.....
- Building the app.
- Building the app..
- Building the app........
- Building the app....
- Building the app......
- Building the app....
- Building the app
- Building the app.......
- Building the app..
- Building the app....
- Building the app..
- Building the app....
- Building the app....
- Building the app.....
- Building the app.
- Building the app.......
- Building the app...
- Building the app...
- Building the app.......
- Building the app.........
- Building the app..
- Building the app.....
- Building the app....
- Building the app.........
- Building the app........
- Building the app.....
- Building the app..
- Building the app...
- Building the app.......
- Building the app
- Building the app......
- Building the app....
- Building the app......
- Building the app.
- Building the app..
- Building the app.........
- Building the app
- Building the app.........
- Building the app.........
- Building the app
- Building the app..
- Building the app........
- Building the app.
- Building the app.......
- Building the app...
- Building the app......
- Building the app...
- Building the app........
- Building the app.........
- Building the app.....
- Building the app......
- Building the app....
- Building the app.........
- Building the app.
- Building the app...
- Building the app....
- Building the app..
- Building the app..
- Building the app...
- Building the app.
- Building the app..
- Building the app......
- Building the app.........
- Building the app.....
- Building the app......
- Building the app.
- Building the app..
- Building the app........
- Building the app.......
- Building the app........
- Building the app.......
- Building the app........
- Building the app.......
- Building the app........
- Building the app...
- Building the app....
- Building the app...
- Building the app....
- Building the app.........
- Building the app
- Building the app.
- Building the app..
- Building the app...
- Building the app....
- Building the app.....
- Building the app......
- Building the app..
- Building the app...
- Building the app........
- Building the app.........
- Building the app........
- Building the app.
- Building the app.
- Building the app..
- Building the app...
- Building the app....
- Building the app.....
- Building the app.
- Building the app
- Building the app.
- Building the app.....
- Building the app......
- Building the app
- Building the app.
- Building the app
- Building the app.........
- Building the app...
- Building the app....
- Building the app......
- Building the app.
- Building the app..
- Building the app...
- Building the app....
- Building the app.........
- Building the app
- Building the app.........
- Building the app
- Building the app.........
- Building the app
- Building the app.........
- Building the app
- Building the app.
- Building the app..
- Building the app........
- Building the app.........
- Building the app........
- Building the app.........
- Building the app.......
- Building the app.
- Building the app
- Building the app.
- Building the app.......
- Building the app........
- Building the app.....
- Building the app......
- Building the app....
- Building the app.
- Building the app...
- Building the app...
- Building the app.....
- Building the app.......
- Building the app.........
- Building the app.
- Building the app......
- Building the app.......
- Building the app.....
- Building the app.......
- Building the app....
- Building the app......
- Building the app.....
- Building the app.......
- Building the app.........
- Building the app.....
- Building the app.......
- Building the app.........
- Building the app.
- Building the app...
- Building the app.....
- Building the app.......
- Building the app.........
- Building the app.
- Building the app...
- Building the app.....
- Building the app......
- Building the app.......
- Building the app.........
- Building the app.
- Building the app...
- Building the app.....
- Building the app.......
- Building the app.
- Building the app...
- Building the app.....
- Building the app.......
- Building the app.........
- Building the app....
- Building the app......
- Building the app........
- Building the app.......
- Building the app.........
- Building the app.
- Building the app....
- Building the app......
- Building the app........
- Building the app.....
- Building the app........
- Building the app
- Building the app..
- Building the app...
- Building the app....
- Building the app........
- Building the app
- Building the app..
- Building the app..
- Building the app...
- Building the app..
- Building the app....
- Building the app......
- Building the app...
- Building the app
- Building the app
- Building the app..
- Building the app......
- Building the app......
- Building the app.......
- Building the app........
- Building the app.........
- Building the app
- Building the app.
- Building the app..
- Building the app.......
- Building the app........
- Building the app.........
- Building the app.....
- Building the app...
- Building the app.......
- Building the app....
- Building the app...
- Building the app....
- Building the app......
- Building the app..
- Building the app.
- Building the app.
- Building the app.
- Building the app........
- Building the app
- Building the app..
- Building the app.........
- Building the app
- Building the app
- Building the app.
- Building the app...
- Building the app..
- Building the app.....
- Building the app..
- Building the app
- Building the app
- Building the app....
- Building the app.......
- Building the app.....
- Building the app........
- Building the app....
- Building the app......
- Building the app........
- Building the app...
- Building the app...
- Building the app.......
- Building the app
- Building the app.........
- Building the app.
- Building the app.....
- Building the app......
- Building the app
- Building the app.
- Building the app.
- Building the app...
- Building the app.
- Building the app..
- Building the app.........
- Building the app.........
- Building the app......
- Building the app.
- Building the app..
- Building the app.........
- Building the app.....
- Building the app......
- Building the app.......
- Building the app...
- Building the app.........
- Building the app.....
- Building the app
- Building the app.
- Building the app.......
- Building the app....
- Building the app.........
- Building the app......
- Building the app..
- Building the app..
- Building the app...
- Building the app.....
- Building the app......
- Building the app....
- Building the app.......
- Building the app.
- Building the app..
- Building the app.......
- Building the app..
- Building the app........
- Building the app...
- Building the app....
- Building the app.........
- Building the app
- Building the app......
- Building the app..
- Building the app....
- Building the app......
- Building the app........
- Building the app........
- Building the app
- Building the app..
- Building the app.
- Building the app......
- Building the app........
- Building the app
- Building the app.
- Building the app...
- Building the app......
- Building the app....
- Building the app....
- Building the app........
- Building the app.
- Building the app...
- Building the app.........
- Building the app.
- Building the app...
- Building the app.....
- Building the app.....
- Building the app........
- Building the app...
- Building the app...
- Building the app.......
- Building the app......
- Building the app........
- Building the app
- Building the app...
- Building the app........
- Building the app.........
- Building the app...
- Building the app.........
- Building the app.
- Building the app...
- Building the app.......
- Building the app.......
- Building the app..
- Building the app.........
- Building the app.
- Building the app....
- Building the app.........
- Building the app
- Building the app.......
- Building the app...
- Building the app........
- Building the app..
- Building the app....
- Building the app........
- Building the app.....
- Building the app.........
- Building the app.......
- Building the app........
- Building the app.......
- Building the app...
- Building the app....
- Building the app......
- Building the app........
- Building the app
- Building the app..
- Building the app....
- Building the app.....
- Building the app..
- Building the app.....
- Building the app.......
- Building the app.
- Building the app.........
- Building the app......
- Building the app........
- Building the app.....
- Building the app.....
- Building the app.
- Building the app....
- Building the app
- Building the app
- Building the app
- Building the app....
- Building the app....
- Building the app......
- Building the app.........
- Building the app
- Building the app........
- Building the app....
- Building the app..
- Building the app....
- Building the app......
- Building the app........
- Building the app
- Building the app..
- Building the app.......
- Building the app........
- Building the app.........
- Building the app
- Building the app..
- Building the app
- Building the app..
- Building the app......
- Building the app.......
- Building the app..
- Building the app.....
- Building the app.....
- Building the app.......
- Building the app....
- Building the app....
- Building the app.....
- Building the app........
- Building the app.......
- Building the app....
- Building the app....
- Building the app.....
- Building the app...
- Building the app....
- Building the app......
- Building the app...
- Building the app.......
- Building the app.......
- Building the app..
- Building the app.....
- Building the app
- Building the app.
- Building the app..
- Building the app........
- Building the app..
- Building the app...
- Building the app.........
- Building the app......
- Building the app..
- Building the app....
- Building the app.
- Building the app.....
- Building the app.........
- Building the app
- Building the app.
- Building the app....
- Building the app...
- Building the app....
- Building the app..
- Building the app
- Building the app..
- Building the app.........
- Building the app....
- Building the app....
- Building the app
- Building the app.
- Building the app......
- Building the app
- Building the app.
- Building the app....
- Building the app.....
- Building the app.
- Building the app...
- Building the app..
- Building the app....
- Building the app.
- Building the app...
- Building the app......
- Building the app........
- Building the app..
- Building the app.....
- Building the app.......
- Building the app.....
- Building the app
- Building the app..
- Building the app.....
- Building the app....
- Building the app.......
- Building the app........
- Building the app.........
- Building the app..
- Building the app..
- Building the app.......
- Building the app...
- Building the app...
- Building the app....
- Building the app.....
- Building the app........
- Building the app
- Building the app.
- Building the app...
- Building the app.
- Building the app..
- Building the app...
- Building the app.........
- Building the app
- Building the app..
- Building the app.......
- Building the app..
- Building the app....
- Building the app.
- Building the app..
- Building the app..
- Building the app...
- Building the app..
- Building the app...
- Building the app
- Building the app
- Building the app..
- Building the app.....
- Building the app...
- Building the app......
- Building the app........
- Building the app....
- Building the app
- Building the app...
- Building the app.......
- Building the app...
- Building the app
- Building the app..
- Building the app....
- Building the app.....
- Building the app.......
- Building the app..
- Building the app...
- Building the app.......
- Building the app.........
- Building the app
- Building the app..
- Building the app.....
- Building the app.......
- Building the app........
- Building the app.......
- Building the app.........
- Building the app...
- Building the app.....
- Building the app.......
- Building the app......
- Building the app....
- Building the app....
- Building the app.....
- Building the app....
- Building the app.
- Building the app........
- Building the app
- Building the app..
- Building the app
- Building the app.
- Building the app..
- Building the app........
- Building the app.........
- Building the app.
- Building the app.
- Building the app..
- Building the app.....
- Building the app....
- Building the app......
- Building the app........
- Building the app.......
- Building the app.........
- Building the app.
- Building the app...
- Building the app........
- Building the app.......
- Building the app.........
- Building the app
- Building the app
- Building the app.......
- Building the app......
- Building the app.....
- Building the app.....
- Building the app....
- Building the app..
- Building the app........
- Building the app........
- Building the app
- Building the app.........
- Building the app...
- Building the app.....
- Building the app.
- Building the app..
- Building the app....
- Building the app
- Building the app..
- Building the app......
- Building the app...
- Building the app..
- Building the app......
- Building the app.........
- Building the app
- Building the app.........
- Building the app.......
- Building the app
- Building the app........
- Building the app.........
- Building the app......
- Building the app.
- Building the app......
- Building the app.......
- Building the app
- Building the app........
- Building the app.........
- Building the app..
- Building the app.
- Building the app........
- Building the app........
- Building the app
- Building the app......
- Building the app........
- Building the app.
- Building the app..
- Building the app..
- Building the app....
- Building the app.......
- Building the app..
- Building the app..
- Building the app...
- Building the app...
- Building the app........
- Building the app...
- Building the app......
- Building the app.......
- Building the app.....
- Building the app.......
- Building the app.........
- Building the app.
- Building the app...
- Building the app.....
- Building the app
- Building the app........
- Building the app......
- Building the app....
- Building the app........
- Building the app.........
- Building the app...
- Building the app.
- Building the app
- Building the app.....
- Building the app.......
- Building the app
- Building the app..
- Building the app....
- Building the app......
- Building the app.......
- Building the app........
- Building the app...
- Building the app..
- Building the app...
- Building the app.
- Building the app...
- Building the app......
- Building the app.......
- Building the app
- Building the app......
- Building the app....
- Building the app..
- Building the app......
- Building the app.
- Building the app......
- Building the app.......
- Building the app..
- Building the app..
- Building the app...
- Building the app.....
- Building the app......
- Building the app.
- Building the app..
- Building the app..
- Building the app...
- Building the app..
- Building the app...
- Building the app........
- Building the app.........
- Building the app........
- Building the app...
- Building the app....
- Building the app....
- Building the app......
- Building the app........
- Building the app.........
- Building the app....
- Building the app...
- Building the app...
- Building the app....
- Building the app...
- Building the app...
- Building the app....
- Building the app.....
- Building the app......
- Building the app.......
- Building the app...
- Building the app........
- Building the app.........
- Building the app..
- Building the app.
- Building the app....
- Building the app..
- Building the app.........
- Building the app
- Building the app..
- Building the app....
- Building the app......
- Building the app.......
- Building the app.........
- Building the app.
- Building the app..
- Building the app
- Building the app.
- Building the app...
- Building the app.....
- Building the app....
- Building the app.....
- Building the app......
- Building the app.
- Building the app.
- Building the app....
- Building the app........
- Building the app.........
- Building the app.......
- Building the app.....
- Building the app.........
- Building the app.......
- Building the app
- Building the app.....
- Building the app....
- Building the app.........
- Building the app
- Building the app
- Building the app......
- Building the app...
- Building the app....
- Building the app....
- Building the app.....
- Building the app......
- Building the app.........
- Building the app..
- Building the app........
- Building the app.........
- Building the app....
- Building the app........
- Building the app
- Building the app
- Building the app....
- Building the app......
- Building the app..
- Building the app...
- Building the app....
- Building the app...
- Building the app.......
- Building the app.........
- Building the app...
- Building the app....
- Building the app.........
- Building the app.
- Building the app........
- Building the app.........
- Building the app....
- Building the app...
- Building the app....
- Building the app.....
- Building the app......
- Building the app......
- Building the app..
- Building the app....
- Building the app.....
- Building the app.....
- Building the app...
- Building the app.......
- Building the app....
- Building the app.....
- Building the app.........
- Building the app.
- Building the app..
- Building the app....
- Building the app.
- Building the app..
- Building the app...
- Building the app......
- Building the app.......
- Building the app........
- Building the app
- Building the app...
- Building the app....
- Building the app.....
- Building the app......
- Building the app........
- Building the app...
- Building the app....
- Building the app.....
- Building the app....
- Building the app.....
- Building the app....
- Building the app.....
- Building the app.........
- Building the app
- Building the app....
- Building the app.....
- Building the app.....
- Building the app......
- Building the app..
- Building the app...
- Building the app.......
- Building the app........
- Building the app
- Building the app.
- Building the app.........
- Building the app
- Building the app.....
- Building the app......
- Building the app........
- Building the app.........
- Building the app.......
- Building the app........
- Building the app....
- Building the app.....
- Building the app.
- Building the app...
- Building the app....
- Building the app.....
- Building the app......
- Building the app..
- Building the app....
- Building the app...
- Building the app....
- Building the app.....
- Building the app...
- Building the app....
- Building the app
- Building the app..
- Building the app.........
- Building the app
- Building the app.
- Building the app.......
- Building the app.........
- Building the app........
- Building the app.........
- Building the app
- Building the app....
- Building the app.....
- Building the app....
- Building the app.....
- Building the app....
- Building the app.....
- Building the app...
- Building the app.........
- Building the app
- Building the app....
- Building the app.....
- Building the app.....
- Building the app.......
- Building the app.
- Building the app..
- Building the app...
- Building the app....
- Building the app......
- Building the app...
- Building the app....
- Building the app.....
- Building the app.......
- Building the app........
- Building the app
- Building the app.......
- Building the app.......
- Building the app.......
- Building the app......
- Building the app.....
- Building the app......
- Building the app.......
- Building the app........
- Building the app........
- Building the app.........
- Building the app...
- Building the app....
- Building the app
- Building the app.
- Building the app.
- Building the app..
- Building the app....
- Building the app.....
- Building the app...
- Building the app....
- Building the app.....
- Building the app......
- Building the app..
- Building the app...
- Building the app.........
- Building the app
- Building the app.....
- Building the app...
- Building the app....
- Building the app....
- Building the app........
- Building the app.........
- Building the app.........
- Building the app
- Building the app.
- Building the app.....
- Building the app......
- Building the app.....
- Building the app......
- Building the app.....
- Building the app......
- Building the app.........
- Building the app...
- Building the app....
- Building the app..
- Building the app..
- Building the app...
- Building the app.
- Building the app.
- Building the app..
- Building the app...
- Building the app.......
- Building the app.........
- Building the app...
- Building the app....
- Building the app...
- Building the app.......
- Building the app........
- Building the app.
- Building the app..
- Building the app........
- Building the app..
- Building the app...
- Building the app...
- Building the app....
- Building the app......
- Building the app.......
- Building the app.
- Building the app..
- Building the app......
- Building the app.......
- Building the app........
- Building the app.
- Building the app..
- Building the app........
- Building the app.........
- Building the app......
- Building the app.......
- Building the app.........
- Building the app
- Building the app.......
- Building the app........
- Building the app.....
- Building the app..
- Building the app......
- Building the app.......
- Building the app....
- Building the app....
- Building the app.......
- Building the app.........
- Building the app..
- Building the app.........
- Building the app......
- Building the app....
- Building the app....
- Building the app...
- Building the app....
- Building the app....
- Building the app...
- Building the app........
- Building the app.........
- Building the app.
- Building the app.
- Building the app..
- Building the app....
- Building the app...
- Building the app....
- Building the app.....
- Building the app
- Building the app.
- Building the app........
- Building the app.........
- Building the app...
- Building the app....
- Building the app....
- Building the app.....
- Building the app.
- Building the app..
- Building the app...
- Building the app......
- Building the app........
- Building the app.........
- Building the app...
- Building the app..
- Building the app...
- Building the app.
- Building the app..
- Building the app...
- Building the app....
- Building the app......
- Building the app.......
- Building the app.....
- Building the app......
- Building the app......
- Building the app.......
- Building the app.......
- Building the app........
- Building the app.........
- Building the app.........
- Building the app.......
- Building the app..
- Building the app......
- Building the app...
- Building the app.........
- Building the app..
- Building the app...
- Building the app.......
- Building the app.........
- Building the app.......
- Building the app...
- Building the app.....
- Building the app......
- Building the app....
- Building the app.....
- Building the app....
- Building the app....
- Building the app.....
- Building the app..
- Building the app...
- Building the app..
- Building the app..
- Building the app...
- Building the app.....
- Building the app......
- Building the app..
- Building the app......
- Building the app.
- Building the app.......
- Building the app.........
- Building the app
- Building the app....
- Building the app
- Building the app.
- Building the app......
- Building the app.......
- Building the app.
- Building the app..
- Building the app.........
- Building the app
- Building the app
- Building the app.........
- Building the app
- Building the app....
- Building the app........
- Building the app......
- Building the app..
- Building the app.........
- Building the app.........
- Building the app.........
- Building the app
- Building the app..
- Building the app....
- Building the app.....
- Building the app..
- Building the app.......
- Building the app
- Building the app.
- Building the app..
- Building the app...
- Building the app
- Building the app....
- Building the app.....
- Building the app.
- Building the app....
- Building the app.....
- Building the app.......
- Building the app........
- Building the app.........
- Building the app
- Building the app.........
- Building the app
- Building the app.....
- Building the app......
- Building the app...
- Building the app....
- Building the app.
- Building the app
- Building the app.
- Building the app........
- Building the app
- Building the app
- Building the app.
- Building the app.........
- Building the app.....
- Building the app.......
- Building the app...
- Building the app....
- Building the app.
- Building the app....
- Building the app.
- Building the app.
- Building the app..
- Building the app
- Building the app
- Building the app..
- Building the app..
- Building the app.......
- Building the app.
- Building the app..
- Building the app....
- Building the app.....
- Building the app...
- Building the app.....
- Building the app
- Building the app.
- Building the app........
- Building the app.........
- Building the app...
- Building the app....
- Building the app......
- Building the app....
- Building the app.....
- Building the app...
- Building the app....
- Building the app.
- Building the app..
- Building the app........
- Building the app.........
- Building the app...
- Building the app.......
- Building the app........
- Building the app.........
- Building the app....
- Building the app...
- Building the app....
- Building the app...
- Building the app..
- Building the app...
- Building the app.....
- Building the app......
- Building the app.......
- Building the app........
- Building the app......
- Building the app.......
- Building the app..
- Building the app...
- Building the app......
- Building the app........
- Building the app.........
- Building the app....
- Building the app.....
- Building the app.
- Building the app...
- Building the app.......
- Building the app........
- Building the app......
- Building the app.......
- Building the app........
- Building the app..
- Building the app...
- Building the app...
- Building the app....
- Building the app........
- Building the app.........
- Building the app
- Building the app..
- Building the app...
- Building the app...
- Building the app.
- Building the app..
- Building the app........
- Building the app.........
- Building the app........
- Building the app......
- Building the app.........
- Building the app........
- Building the app.......
- Building the app.........
- Building the app....
- Building the app
- Building the app..
- Building the app.......
- Building the app......
- Building the app
- Building the app.......
- Building the app
- Building the app..
- Building the app.
- Building the app
- Building the app..
- Building the app..
- Building the app...
- Building the app....
- Building the app...
- Building the app.....
- Building the app.....
- Building the app......
- Building the app.......
- Building the app
- Building the app.
- Building the app
- Building the app..
- Building the app
- Building the app.
- Building the app..
- Building the app.
- Building the app........
- Building the app........
- Building the app.........
- Building the app
- Building the app.......
- Building the app.......
- Building the app........
- Building the app
- Building the app.....
- Building the app......
- Building the app...
- Building the app....
- Building the app......
- Building the app........
- Building the app
- Building the app..
- Building the app....
- Building the app..
- Building the app...
- Building the app..
- Building the app.........
- Building the app....
- Building the app...
- Building the app......
- Building the app.
- Building the app..
- Building the app..
- Building the app.........
- Building the app...
- Building the app....
- Building the app..
- Building the app......
- Building the app........
- Building the app.......
- Building the app.........
- Building the app......
- Building the app.......
- Building the app........
- Building the app.......
- Building the app.........
- Building the app.
- Building the app
- Building the app......
- Building the app.......
- Building the app..
- Building the app...
- Building the app.....
- Building the app....
- Building the app.....
- Building the app...
- Building the app.......
- Building the app.....
- Building the app...
- Building the app.......
- Building the app.........
- Building the app
- Building the app.........
- Building the app
- Building the app.
- Building the app
- Building the app.....
- Building the app......
- Building the app.
- Building the app..
- Building the app..
- Building the app....
- Building the app.....
- Building the app........
- Building the app.........
- Building the app..
- Building the app.........
- Building the app
- Building the app.........
- Building the app
- Building the app.........
- Building the app...
- Building the app....
- Building the app...
- Building the app
- Building the app.
- Building the app..
- Building the app........
- Building the app...
- Building the app.
- Building the app..
- Building the app.
- Building the app..
- Building the app
- Building the app.
- Building the app....
- Building the app.....
- Building the app.........
- Building the app.....
- Building the app......
- Building the app........
- Building the app.....
- Building the app......
- Building the app
- Building the app........
- Building the app.
- Building the app..
- Building the app....
- Building the app
- Building the app.......
- Building the app.........
- Building the app....
- Building the app......
- Building the app...
- Building the app.....
- Building the app.........
- Building the app
- Building the app.
- Building the app...
- Building the app...
- Building the app....
- Building the app.
- Building the app...
- Building the app.....
- Building the app......
- Building the app........
- Building the app........
- Building the app...
- Building the app.....
- Building the app...
- Building the app...
- Building the app..
- Building the app...
- Building the app
- Building the app.
- Building the app...
- Building the app.
- Building the app.........
- Building the app........
- Building the app.........
- Building the app.........
- Building the app.....
- Building the app.......
- Building the app........
- Building the app....
- Building the app.....
- Building the app...
- Building the app...
- Building the app....
- Building the app........
- Building the app.........
- Building the app.
- Building the app...
- Building the app...
- Building the app.....
- Building the app....
- Building the app.....
- Building the app........
- Building the app
- Building the app.....
- Building the app..
- Building the app....
- Building the app.......
- Building the app........
- Building the app......
- Building the app.......
- Building the app...
- Building the app.....
- Building the app.....
- Building the app.......
- Building the app...
- Building the app.....
- Building the app.........
- Building the app.........
- Building the app.........
- Building the app.........
- Building the app.
- Building the app..
- Building the app.
- Building the app..
- Building the app...
- Building the app....
- Building the app..
- Building the app...
- Building the app.......
- Building the app........
- Building the app.........
- Building the app........
- Building the app........
- Building the app.........
- Building the app
- Building the app....
- Building the app...
- Building the app....
- Building the app.....
- Building the app....
- Building the app..
- Building the app...
- Building the app....
- Building the app........
- Building the app.........
- Building the app.........
- Building the app........
- Building the app.........
- Building the app......
- Building the app........
- Building the app....
- Building the app...
- Building the app....
- Building the app.
- Building the app..
- Building the app.....
- Building the app......
- Building the app....
- Building the app.......
- Building the app........
- Building the app
- Building the app.......
- Building the app........
- Building the app.....
- Building the app
- Building the app.
- Building the app....
- Building the app.....
- Building the app..
- Building the app....
- Building the app......
- Building the app....
- Building the app...
- Building the app.........
- Building the app
- Building the app.
- Building the app......
- Building the app......
- Building the app...
- Building the app..
- Building the app..
- Building the app...
- Building the app.
- Building the app..
- Building the app....
- Building the app....
- Building the app
- Building the app.
- Building the app...
- Building the app...
- Building the app.....
- Building the app.......
- Building the app........
- Building the app.........
- Building the app........
- Building the app
- Building the app.........
- Building the app
- Building the app....
- Building the app.....
- Building the app.....
- Building the app.
- Building the app..
- Building the app......
- Building the app.......
- Building the app
- Building the app.
- Building the app.
- Building the app..
- Building the app.......
- Building the app....
- Building the app......
- Building the app.......
- Building the app......
- Building the app....
- Building the app.....
- Building the app.......
- Building the app........
- Building the app....
- Building the app.....
- Building the app.........
- Building the app
- Building the app........
- Building the app
- Building the app
- Building the app.
- Building the app.........
- Building the app.
- Building the app...
- Building the app..
- Building the app.........
- Building the app....
- Building the app........
- Building the app.......
- Building the app
- Building the app........
- Building the app.........
- Building the app.
- Building the app.........
- Building the app
- Building the app........
- Building the app.......
- Building the app......
- Building the app
- Building the app..
- Building the app...
- Building the app........
- Building the app.......
- Building the app........
- Building the app.......
- Building the app....
- Building the app......
- Building the app.........
- Building the app
- Building the app........
- Building the app.........
- Building the app...
- Building the app....
- Building the app...
- Building the app
- Building the app.
- Building the app.
- Building the app....
- Building the app........
- Building the app.
- Building the app.......
- Building the app........
- Building the app........
- Building the app.........
- Building the app.....
- Building the app......
- Building the app......
- Building the app.......
- Building the app...
- Building the app....
- Building the app.....
- Building the app
- Building the app......
- Building the app.......
- Building the app........
- Building the app........
- Building the app......
- Building the app
- Building the app........
- Building the app.
- Building the app...
- Building the app....
- Building the app...
- Building the app.....
- Building the app.......
- Building the app...
- Building the app.........
- Building the app
- Building the app....
- Building the app.....
- Building the app......
- Building the app.......
- Building the app........
- Building the app..
- Building the app...
- Building the app.........
- Building the app
- Building the app.
- Building the app..
- Building the app.....
- Building the app.....
- Building the app........
- Building the app....
- Building the app.....
- Building the app....
- Building the app.
- Building the app..
- Building the app........
- Building the app
- Building the app.
- Building the app..
- Building the app...
- Building the app..
- Building the app........
- Building the app
- Building the app
- Building the app.
- Building the app......
- Building the app...
- Building the app....
- Building the app.....
- Building the app......
- Building the app.....
- Building the app......
- Building the app.......
- Building the app........
- Building the app........
- Building the app....
- Building the app.........
- Building the app.........
- Building the app........
- Building the app....
- Building the app
- Building the app.
- Building the app..
- Building the app...
- Building the app.......
- Building the app......
- Building the app...
- Building the app.......
- Building the app.........
- Building the app.....
- Building the app......
- Building the app.....
- Building the app.......
- Building the app....
- Building the app.....
- Building the app......
- Building the app
- Building the app.
- Building the app.
- Building the app..
- Building the app.........
- Building the app.........
- Building the app.
- Building the app
- Building the app..
- Building the app...
- Building the app.........
- Building the app.....
- Building the app......
- Building the app.......
- Building the app...
- Building the app....
- Building the app....
- Building the app.....
- Building the app.......
- Building the app........
- Building the app
- Building the app.
- Building the app....
- Building the app.....
- Building the app.........
- Building the app
- Building the app.
- Building the app.......
- Building the app........
- Building the app.....
- Building the app......
- Building the app....
- Building the app......
- Building the app.......
- Building the app.........
- Building the app..
- Building the app.........
- Building the app
- Building the app.......
- Building the app........
- Building the app......
- Building the app...
- Building the app....
- Building the app.
- Building the app..
- Building the app.........
- Building the app
- Building the app.......
- Building the app........
- Building the app.....
- Building the app.
- Building the app........
- Building the app.........
- Building the app......
- Building the app...
- Building the app.
- Building the app.
- Building the app..
- Building the app...
- Building the app....
- Building the app.....
- Building the app........
- Building the app
- Building the app....
- Building the app.....
- Building the app......
- Building the app
- Building the app.
- Building the app..
- Building the app......
- Building the app......
- Building the app.......
- Building the app......
- Building the app.......
- Building the app........
- Building the app.
- Building the app..
- Building the app..
- Building the app..
- Building the app.......
- Building the app.......
- Building the app....
- Building the app...
- Building the app........
- Building the app........
- Building the app......
- Building the app.....
- Building the app........
- Building the app....
- Building the app......
- Building the app......
- Building the app...
- Building the app.........
- Building the app.....
- Building the app.....
- Building the app.......
- Building the app...
- Building the app.
- Building the app......
- Building the app....
- Building the app........
- Building the app
- Building the app.....
- Building the app......
- Building the app.
- Building the app......
- Building the app.......
- Building the app...
- Building the app
- Building the app.
- Building the app
- Building the app.....
- Building the app........
- Building the app....
- Building the app....
- Building the app.....
- Building the app...
- Building the app........
- Building the app.........
- Building the app.
- Building the app.
- Building the app.........
- Building the app........
- Building the app........
- Building the app
- Building the app.......
- Building the app........
- Building the app.........
- Building the app........
- Building the app.........
- Building the app........
- Building the app.........
- Building the app...
- Building the app....
- Building the app
- Building the app.......
- Building the app........
- Building the app
- Building the app.....
- Building the app........
- Building the app...
- Building the app....
- Building the app..
- Building the app.....
- Building the app........
- Building the app.........
- Building the app....
- Building the app...
- Building the app........
- Building the app.
- Building the app
- Building the app.
- Building the app......
- Building the app.......
- Building the app....
- Building the app.......
- Building the app.....
- Building the app...
- Building the app....
- Building the app.....
- Building the app..
- Building the app..
- Building the app....
- Building the app..
- Building the app...
- Building the app.....
- Building the app.........
- Building the app
- Building the app.
- Building the app.
- Building the app..
- Building the app.........
- Building the app.
- Building the app..
- Building the app........
- Building the app.
- Building the app..
- Building the app...
- Building the app.......
- Building the app....
- Building the app......
- Building the app..
- Building the app......
- Building the app
- Building the app
- Building the app.
- Building the app.........
- Building the app
- Building the app....
- Building the app.....
- Building the app........
- Building the app...
- Building the app
- Building the app........
- Building the app...
- Building the app.
- Building the app.....
- Building the app......
- Building the app.
- Building the app...
- Building the app......
- Building the app........
- Building the app
- Building the app.....
- Building the app....
- Building the app
- Building the app
- Building the app......
- Building the app.
- Building the app......
- Building the app.....
- Building the app..
- Building the app..
- Building the app...
- Building the app..
- Building the app.......
- Building the app....
- Building the app.....
- Building the app......
- Building the app........
- Building the app........
- Building the app.....
- Building the app.
- Building the app...
- Building the app
- Building the app.
- Building the app..
- Building the app
- Building the app.
- Building the app.....
- Building the app......
- Building the app.......
- Building the app.....
- Building the app...
- Building the app......
- Building the app......
- Building the app
- Building the app.
- Building the app...
- Building the app........
- Building the app.........
- Building the app.........
- Building the app......
- Building the app.......
- Building the app....
- Building the app.
- Building the app.
- Building the app.....
- Building the app...
- Building the app.......
- Building the app
- Building the app.........
- Building the app........
- Building the app.
- Building the app......
- Building the app..
- Building the app....
- Building the app.......
- Building the app........
- Building the app...
- Building the app....
- Building the app...
- Building the app..
- Building the app...
- Building the app.....
- Building the app....
- Building the app..
- Building the app......
- Building the app...
- Building the app.......
- Building the app.........
- Building the app.........
- Building the app....
- Building the app...
- Building the app......
- Building the app....
- Building the app.......
- Building the app.....
- Building the app
- Building the app......
- Building the app....
- Building the app.......
- Building the app...
- Building the app.....
- Building the app.
- Building the app.....
- Building the app...
- Building the app....
- Building the app...
- Building the app......
- Building the app..
- Building the app.......
- Building the app.........
- Building the app
- Building the app.
- Building the app.........
- Building the app.
- Building the app.....
- Building the app..
- Building the app.
- Building the app....
- Building the app.......
- Building the app....
- Building the app........
- Building the app........
- Building the app......
- Building the app...
- Building the app.
- Building the app....
- Building the app....
- Building the app......
- Building the app
- Building the app.
- Building the app..
- Building the app.......
- Building the app.......
- Building the app........
- Building the app.........
- Building the app.
- Building the app......
- Building the app
- Building the app......
- Building the app....
- Building the app......
- Building the app....
- Building the app.....
- Building the app
- Building the app..
- Building the app........
- Building the app....
- Building the app......
- Building the app...
- Building the app.....
- Building the app.......
- Building the app.
- Building the app...
- Building the app..
- Building the app...
- Building the app....
- Building the app.........
- Building the app........
- Building the app.....
- Building the app.......
- Building the app...
- Building the app......
- Building the app........
- Building the app.........
- Building the app.....
- Building the app.......
- Building the app.........
- Building the app.........
- Building the app.....
- Building the app........
- Building the app
- Building the app........
- Building the app.......
- Building the app......
- Building the app......
- Building the app.....
- Building the app........
- Building the app.......
- Building the app....
- Building the app.....
- Building the app
- Building the app......
- Building the app.
- Building the app..
- Building the app.
- Building the app......
- Building the app
- Building the app......
- Building the app........
- Building the app
- Building the app.........
- Building the app.
- Building the app.
- Building the app.
- Building the app
- Building the app.
- Building the app.........
- Building the app........
- Building the app........
- Building the app......
- Building the app......
- Building the app.....
- Building the app......
- Building the app.....
- Building the app......
- Building the app.........
- Building the app.
- Building the app.......
- Building the app..
- Building the app...
- Building the app....
- Building the app.
- Building the app
- Building the app
- Building the app..
- Building the app.
- Building the app.....
- Building the app........
- Building the app.....
- Building the app......
- Building the app
- Building the app.........
- Building the app...
- Building the app.....
- Building the app.
- Building the app.......
- Building the app....
- Building the app......
- Building the app........
- Building the app...
- Building the app.....
- Building the app..
- Building the app....
- Building the app
- Building the app..
- Building the app....
- Building the app....
- Building the app
- Building the app.
- Building the app
- Building the app.....
- Building the app
- Building the app.
- Building the app.......
- Building the app.......
- Building the app....
- Building the app.
- Building the app.....
- Building the app..
- Building the app
- Building the app.
- Building the app
- Building the app.
- Building the app...
- Building the app.....
- Building the app.........
- Building the app..
- Building the app
- Building the app.....
- Building the app...
- Building the app..
- Building the app....
- Building the app....
- Building the app.......
- Building the app.......
- Building the app........
- Building the app
- Building the app......
- Building the app.....
- Building the app
- Building the app.
- Building the app......
- Building the app
- Building the app.........
- Building the app.......
- Building the app....
- Building the app.....
- Building the app...
- Building the app.......
- Building the app........
- Building the app........
- Building the app.........
- Building the app.........
- Building the app
- Building the app...
- Building the app..
- Building the app.
- Building the app.........
- Building the app.......
- Building the app.........
- Building the app..
- Building the app....
- Building the app....
- Building the app........
- Building the app
- Building the app..
- Building the app.......
- Building the app........
- Building the app.........
- Building the app.
- Building the app..
- Building the app.........
- Building the app.........
- Building the app.
- Building the app
- Building the app.......
- Building the app....
- Building the app
- Building the app.
- Building the app.........
- Building the app...
- Building the app....
- Building the app
- Building the app.
- Building the app....
- Building the app.....
- Building the app........
- Building the app.........
- Building the app
- Building the app.
- Building the app....
- Building the app.....
- Building the app
- Building the app....
- Building the app.....
- Building the app..
- Building the app...
- Building the app
- Building the app.
- Building the app........
- Building the app.........
- Building the app.
- Building the app...
- Building the app.....
- Building the app.......
- Building the app.........
- Building the app..
- Building the app...
- Building the app......
- Building the app.......
- Building the app.......
- Building the app........
- Building the app........
- Building the app.........
- Building the app.......
- Building the app...
- Building the app....
- Building the app......
- Building the app...
- Building the app.....
- Building the app.......
- Building the app.......
- Building the app.
- Building the app.........
- Building the app.......
- Building the app.......
- Building the app.........
- Building the app..
- Building the app......
- Building the app..
- Building the app........
- Building the app.....
- Building the app......
- Building the app.........
- Building the app
- Building the app.......
- Building the app........
- Building the app.
- Building the app..
- Building the app...
- Building the app....
- Building the app......
- Building the app......
- Building the app...
- Building the app.........
- Building the app...
- Building the app...
- Building the app...
- Building the app.......
- Building the app........
- Building the app.........
- Building the app.......
- Building the app.........
- Building the app
- Building the app...
- Building the app.
- Building the app.........
- Building the app
- Building the app.........
- Building the app
- Building the app........
- Building the app.........
- Building the app.
- Building the app........
- Building the app
- Building the app....
- Building the app......
- Building the app......
- Building the app.......
- Building the app.........
- Building the app.
- Building the app.
- Building the app........
- Building the app
- Building the app......
- Building the app.
- Building the app...
- Building the app.
- Building the app.....
- Building the app.
- Building the app...
- Building the app...
- Building the app.
- Building the app..
- Building the app....
- Building the app.........
- Building the app...
- Building the app.....
- Building the app....
- Building the app......
- Building the app........
- Building the app
- Building the app..
- Building the app....
- Building the app......
- Building the app.........
- Building the app........
- Building the app....
- Building the app..
- Building the app.
- Building the app.........
- Building the app..
- Building the app
- Building the app..
- Building the app.....
- Building the app.
- Building the app.
- Building the app...
- Building the app
- Building the app.........
- Building the app.......
- Building the app..
- Building the app........
- Building the app
- Building the app....
- Building the app...
- Building the app...
- Building the app.........
- Building the app...
- Building the app....
- Building the app........
- Building the app...
- Building the app......
- Building the app...
- Building the app.....
- Building the app........
- Building the app.........
- Building the app.
- Building the app..
- Building the app.
- Building the app.......
- Building the app...
- Building the app
- Building the app.....
- Building the app..
- Building the app
- Building the app.....
- Building the app......
- Building the app
- Building the app.
- Building the app...
- Building the app.......
- Building the app........
- Building the app.....
- Building the app......
- Building the app
- Building the app.........
- Building the app
- Building the app.
- Building the app..
- Building the app.........
- Building the app
- Building the app.......
- Building the app.....
- Building the app
- Building the app
- Building the app.......
- Building the app
- Building the app...
- Building the app.......
- Building the app.
- Building the app.......
- Building the app.
- Building the app.....
- Building the app.....
- Building the app.........
- Building the app.
- Building the app....
- Building the app......
- Building the app........
- Building the app.......
- Building the app........
- Building the app.....
- Building the app........
- Building the app.......
- Building the app........
- Building the app.
- Building the app...
- Building the app......
- Building the app.......
- Building the app......
- Building the app......
- Building the app........
- Building the app......
- Building the app........
- Building the app
- Building the app...
- Building the app......
- Building the app......
- Building the app....
- Building the app.........
- Building the app....
- Building the app...
- Building the app.
- Building the app..
- Building the app....
- Building the app....
- Building the app....
- Building the app.....
- Building the app.......
- Building the app.....
- Building the app......
- Building the app....
- Building the app
- Building the app.
- Building the app......
- Building the app........
- Building the app.....
- Building the app........
- Building the app........
- Building the app
- Building the app....
- Building the app........
- Building the app
- Building the app
- Building the app..
- Building the app....
- Building the app......
- Building the app........
- Building the app
- Building the app..
- Building the app....
- Building the app......
- Building the app.......
- Building the app.......
- Building the app.........
- Building the app.
- Building the app...
- Building the app.......
- Building the app.........
- Building the app.
- Building the app.......
- Building the app.....
- Building the app.
- Building the app......
- Building the app.....
- Building the app.
- Building the app......
- Building the app......
- Building the app........
- Building the app
- Building the app........
- Building the app
- Building the app..
- Building the app....
- Building the app........
- Building the app.........
- Building the app.
- Building the app...
- Building the app......
- Building the app........
- Building the app
- Building the app.....
- Building the app.
- Building the app..
- Building the app....
- Building the app......
- Building the app.......
- Building the app.........
- Building the app.
- Building the app...
- Building the app.....
- Building the app...
- Building the app.
- Building the app...
- Building the app.....
- Building the app.........
- Building the app..
- Building the app....
- Building the app.
- Building the app...
- Building the app.....
- Building the app.......
- Building the app....
- Building the app......
- Building the app....
- Building the app......
- Building the app.........
- Building the app.........
- Building the app.........
- Building the app.........
- Building the app.....
- Building the app.....
- Building the app
- Building the app..
- Building the app....
- Building the app......
- Building the app..
- Building the app
- Building the app......
- Building the app.
- Building the app.
- Building the app......
- Building the app
- Building the app....
- Building the app.......
- Building the app.....
- Building the app......
- Building the app......
- Building the app
- Building the app..
- Building the app.
- Building the app......
- Building the app......
- Building the app...
- Building the app.
- Building the app
- Building the app.
- Building the app..
- Building the app...
- Building the app...
- Building the app...
- Building the app.......
- Building the app.......
- Building the app.......
- Building the app.........
- Building the app......
- Building the app........
- Building the app....
- Building the app......
- Building the app.......
- Building the app........
- Building the app......
- Building the app.....
- Building the app...
- Building the app......
- Building the app.....
- Building the app......
- Building the app..
- Building the app....
- Building the app........
- Building the app..
- Building the app..
- Building the app
- Building the app...
- Building the app....
- Building the app...
- Building the app....
- Building the app......
- Building the app.......
- Building the app.......
- Building the app.......
- Building the app
- Building the app.....
- Building the app.......
- Building the app.........
- Building the app.......
- Building the app...
- Building the app
- Building the app.........
- Building the app.........
- Building the app......
- Building the app.......
- Building the app...
- Building the app.......
- Building the app.....
- Building the app...
- Building the app...
- Building the app.
- Building the app.
- Building the app...
- Building the app.....
- Building the app.......
- Building the app.........
- Building the app.
- Building the app..
- Building the app.........
- Building the app
- Building the app..
- Building the app
- Building the app
- Building the app..
- Building the app.....
- Building the app......
- Building the app.....
- Building the app
- Building the app.......
- Building the app........
- Building the app....
- Building the app.......
- Building the app.
- Building the app
- Building the app..
- Building the app........
- Building the app...
- Building the app....
- Building the app....
- Building the app.......
- Building the app.......
- Building the app....
- Building the app.........
- Building the app....
- Building the app.....
- Building the app.........
- Building the app...
- Building the app
- Building the app....
- Building the app.....
- Building the app.......
- Building the app.........
- Building the app.....
- Building the app......
- Building the app..
- Building the app...
- Building the app........
- Building the app.....
- Building the app.....
- Building the app.......
- Building the app.........
- Building the app........
- Building the app
- Building the app.....
- Building the app..
- Building the app.
- Building the app.
- Building the app.
- Building the app........
- Building the app.........
- Building the app.
- Building the app
- Building the app.
- Building the app...
- Building the app....
- Building the app.....
- Building the app.........
- Building the app.........
- Building the app...
- Building the app....
- Building the app......
- Building the app....
- Building the app
- Building the app.
- Building the app....
- Building the app.....
- Building the app....
- Building the app.......
- Building the app..
- Building the app...
- Building the app......
- Building the app.
- Building the app.......
- Building the app..
- Building the app....
- Building the app.........
- Building the app
- Building the app..
- Building the app....
- Building the app......
- Building the app.....
- Building the app.....
- Building the app......
- Building the app....
- Building the app..
- Building the app....
- Building the app......
- Building the app.....
- Building the app...
- Building the app.
- Building the app..
- Building the app....
- Building the app......
- Building the app.......
- Building the app
- Building the app.......
- Building the app.....
- Building the app
- Building the app.........
- Building the app
- Building the app..
- Building the app.
- Building the app..
- Building the app......
- Building the app
- Building the app..
- Building the app...
- Building the app.....
- Building the app........
- Building the app..
- Building the app...
- Building the app.....
- Building the app..
- Building the app...
- Building the app.....
- Building the app.......
- Building the app........
- Building the app..
- Building the app....
- Building the app.......
- Building the app..
- Building the app....
- Building the app..
- Building the app..
- Building the app......
- Building the app........
- Building the app..
- Building the app..
- Building the app....
- Building the app...
- Building the app..
- Building the app..
- Building the app.
- Building the app......
- Building the app........
- Building the app........
- Building the app
- Building the app..
- Building the app....
- Building the app....
- Building the app...
- Building the app....
- Building the app......
- Building the app.........
- Building the app.........
- Building the app...
- Building the app...
- Building the app....
- Building the app......
- Building the app........
- Building the app
- Building the app..
- Building the app....
- Building the app.
- Building the app....
- Building the app...
- Building the app...
- Building the app.....
- Building the app.......
- Building the app.........
- Building the app...
- Building the app....
- Building the app........
- Building the app..
- Building the app...
- Building the app........
- Building the app......
- Building the app..
- Building the app
- Building the app........
- Building the app
- Building the app...
- Building the app.........
- Building the app..
- Building the app...
- Building the app.....
- Building the app.......
- Building the app.........
- Building the app........
- Building the app.........
- Building the app.
- Building the app....
- Building the app...
- Building the app....
- Building the app......
- Building the app.......
- Building the app........
- Building the app....
- Building the app
- Building the app...
- Building the app......
- Building the app......
- Building the app........
- Building the app.........
- Building the app
- Building the app........
- Building the app
- Building the app..
- Building the app.........
- Building the app.........
- Building the app...
- Building the app.....
- Building the app........
- Building the app
- Building the app......
- Building the app.......
- Building the app.........
- Building the app.......
- Building the app........
- Building the app.....
- Building the app..
- Building the app..
- Building the app.
- Building the app..
- Building the app.
- Building the app.........
- Building the app....
- Building the app.....
- Building the app.
- Building the app....
- Building the app.....
- Building the app.
- Building the app.......
- Building the app
- Building the app..
- Building the app.
- Building the app...
- Building the app......
- Building the app.......
- Building the app.........
- Building the app.
- Building the app....
- Building the app.....
- Building the app...
- Building the app.....
- Building the app.....
- Building the app.........
- Building the app........
- Building the app......
- Building the app........
- Building the app..
- Building the app.....
- Building the app.......
- Building the app....
- Building the app...
- Building the app.....
- Building the app..
- Building the app...
- Building the app......
- Building the app.......
- Building the app.........
- Building the app.......
- Building the app..
- Building the app...
- Building the app.....
- Building the app.....
- Building the app...
- Building the app...
- Building the app
- Building the app
- Building the app........
- Building the app.....
- Building the app.....
- Building the app......
- Building the app........
- Building the app..
- Building the app...
- Building the app......
- Building the app.......
- Building the app......
- Building the app
- Building the app.....
- Building the app.......
- Building the app......
- Building the app.
- Building the app..
- Building the app........
- Building the app.........
- Building the app
- Building the app..
- Building the app....
- Building the app......
- Building the app.........
- Building the app....
- Building the app....
- Building the app.....
- Building the app......
- Building the app.
- Building the app..
- Building the app....
- Building the app.....
- Building the app.........
- Building the app.........
- Building the app
- Building the app.......
- Building the app...
- Building the app.....
- Building the app.........
- Building the app.....
- Building the app.....
- Building the app.........
- Building the app.
- Building the app....
- Building the app....
- Building the app......
- Building the app...
- Building the app.........
- Building the app.........
- Building the app.....
- Building the app.....
- Building the app.......
- Building the app........
- Building the app
- Building the app.
- Building the app...
- Building the app...
- Building the app.....
- Building the app..
- Building the app...
- Building the app
- Building the app.
- Building the app..
- Building the app........
- Building the app.......
- Building the app........
- Building the app.........
- Building the app
- Building the app.
- Building the app.....
- Building the app.........
- Building the app
- Building the app.
- Building the app....
- Building the app......
- Building the app.........
- Building the app.......
- Building the app........
- Building the app......
- Building the app...
- Building the app........
- Building the app....
- Building the app......
- Building the app.........
- Building the app
- Building the app...
- Building the app.
- Building the app.
- Building the app...
- Building the app....
- Building the app..
- Building the app..
- Building the app.
- Building the app...
- Building the app.....
- Building the app.......
- Building the app.........
- Building the app........
- Building the app.........
- Building the app....
- Building the app......
- Building the app........
- Building the app.........
- Building the app.
- Building the app...
- Building the app.....
- Building the app......
- Building the app.......
- Building the app
- Building the app.
- Building the app........
- Building the app.......
- Building the app........
- Building the app.......
- Building the app........
- Building the app.....
- Building the app....
- Building the app.....
- Building the app......
- Building the app...
- Building the app........
- Building the app
- Building the app..
- Building the app....
- Building the app......
- Building the app...
- Building the app...
- Building the app....
- Building the app..
- Building the app........
- Building the app.........
- Building the app......
- Building the app.......
- Building the app...
- Building the app
- Building the app.
- Building the app.........
- Building the app.
- Building the app.........
- Building the app......
- Building the app........
- Building the app
- Building the app..
- Building the app....
- Building the app......
- Building the app........
- Building the app
- Building the app..
- Building the app....
- Building the app.
- Building the app........
- Building the app
- Building the app..
- Building the app.......
- Building the app........
- Building the app
- Building the app..
- Building the app
- Building the app.....
- Building the app.......
- Building the app.........
- Building the app........
- Building the app.....
- Building the app.......
- Building the app.........
- Building the app.
- Building the app.....
- Building the app......
- Building the app....
- Building the app
- Building the app......
- Building the app........
- Building the app.
- Building the app.
- Building the app....
- Building the app......
- Building the app..
- Building the app.
- Building the app
- Building the app.
- Building the app.......
- Building the app.........
- Building the app......
- Building the app....
- Building the app.....
- Building the app
- Building the app.......
- Building the app........
- Building the app.......
- Building the app........
- Building the app
- Building the app.
- Building the app..
- Building the app.
- Building the app..
- Building the app...
- Building the app....
- Building the app.......
- Building the app........
- Building the app.......
- Building the app
- Building the app.
- Building the app..
- Building the app....
- Building the app......
- Building the app...
- Building the app.........
- Building the app........
- Building the app....
- Building the app...
- Building the app........
- Building the app
- Building the app.....
- Building the app........
- Building the app...
- Building the app.....
- Building the app.........
- Building the app
- Building the app..
- Building the app
- Building the app........
- Building the app.
- Building the app.......
- Building the app
- Building the app...
- Building the app.......
- Building the app........
- Building the app
- Building the app......
- Building the app....
- Building the app.....
- Building the app.......
- Building the app....
- Building the app..
- Building the app....
- Building the app.
- Building the app.
- Building the app.......
- Building the app........
- Building the app
- Building the app.
- Building the app.......
- Building the app........
- Building the app....
- Building the app...
- Building the app.
- Building the app..
- Building the app......
- Building the app.......
- Building the app.
- Building the app..
- Building the app....
- Building the app..
- Building the app......
- Building the app...
- Building the app....
- Building the app.........
- Building the app.........
- Building the app...
- Building the app.........
- Building the app......
- Building the app
- Building the app......
- Building the app.........
- Building the app.....
- Building the app......
- Building the app.........
- Building the app
- Building the app..
- Building the app......
- Building the app..
- Building the app....
- Building the app....
- Building the app.........
- Building the app...
- Building the app...
- Building the app....
- Building the app....
- Building the app.....
- Building the app......
- Building the app.
- Building the app..
- Building the app....
- Building the app........
- Building the app...
- Building the app...
- Building the app....
- Building the app
- Building the app........
- Building the app........
- Building the app...
- Building the app....
- Building the app....
- Building the app......
- Building the app.......
- Building the app........
- Building the app....
- Building the app..
- Building the app....
- Building the app.......
- Building the app
- Building the app.
- Building the app.....
- Building the app......
- Building the app........
- Building the app.........
- Building the app.......
- Building the app........
- Building the app.......
- Building the app..
- Building the app........
- Building the app.........
- Building the app........
- Building the app.........
- Building the app....
- Building the app.....
- Building the app..
- Building the app...
- Building the app.........
- Building the app.......
- Building the app..
- Building the app........
- Building the app.........
- Building the app........
- Building the app.....
- Building the app.
- Building the app.
- Building the app........
- Building the app.........
- Building the app.........
- Building the app.........
- Building the app.....
- Building the app...
- Building the app........
- Building the app.
- Building the app.
- Building the app...
- Building the app.....
- Building the app.....
- Building the app......
- Building the app.
- Building the app.....
- Building the app.........
- Building the app
- Building the app....
- Building the app......
- Building the app.......
- Building the app..
- Building the app..
- Building the app.....
- Building the app......
- Building the app.......
- Building the app......
- Building the app.......
- Building the app....
- Building the app....
- Building the app....
- Building the app
- Building the app.........
- Building the app.
- Building the app........
- Building the app.........
- Building the app.........
- Building the app
- Building the app..
- Building the app..
- Building the app....
- Building the app....
- Building the app.....
- Building the app...
- Building the app....
- Building the app..
- Building the app........
- Building the app.........
- Building the app........
- Building the app........
- Building the app.......
- Building the app....
- Building the app.
- Building the app....
- Building the app....
- Building the app....
- Building the app..
- Building the app.....
- Building the app...
- Building the app.
- Building the app
- Building the app.
- Building the app.
- Building the app....
- Building the app..
- Building the app..
- Building the app...
- Building the app........
- Building the app..
- Building the app...
- Building the app.........
- Building the app
- Building the app..
- Building the app....
- Building the app.....
- Building the app.
- Building the app..
- Building the app...
- Building the app....
- Building the app...
- Building the app....
- Building the app.....
- Building the app..
- Building the app...
- Building the app.......
- Building the app........
- Building the app.....
- Building the app......
- Building the app.........
- Building the app..
- Building the app...
- Building the app
- Building the app.
- Building the app...
- Building the app....
- Building the app
- Building the app.
- Building the app.....
- Building the app......
- Building the app.......
- Building the app..
- Building the app.....
- Building the app.......
- Building the app
- Building the app.....
- Building the app.
- Building the app...
- Building the app...
- Building the app.
- Building the app.....
- Building the app...
- Building the app.........
- Building the app......
- Building the app...
- Building the app......
- Building the app...
- Building the app......
- Building the app..
- Building the app.........
- Building the app...
- Building the app....
- Building the app
- Building the app...
- Building the app.....
- Building the app..
- Building the app.....
- Building the app.........
- Building the app.....
- Building the app.....
- Building the app......
- Building the app........
- Building the app....
- Building the app.......
- Building the app........
- Building the app
- Building the app.
- Building the app..
- Building the app.......
- Building the app..
- Building the app
- Building the app..
- Building the app.......
- Building the app..
- Building the app.....
- Building the app.......
- Building the app..
- Building the app.......
- Building the app...
- Building the app..
- Building the app.......
- Building the app..
- Building the app......
- Building the app........
- Building the app....
- Building the app......
- Building the app
- Building the app........
- Building the app....
- Building the app
- Building the app.........
- Building the app..
- Building the app...
- Building the app....
- Building the app.....
- Building the app.........
- Building the app....
- Building the app.....
- Building the app........
- Building the app.........
- Building the app...
- Building the app....
- Building the app.........
- Building the app
- Building the app.......
- Building the app........
- Building the app........
- Building the app.........
- Building the app.........
- Building the app
- Building the app.
- Building the app..
- Building the app....
- Building the app........
- Building the app.........
- Building the app
- Building the app.
- Building the app..
- Building the app........
- Building the app......
- Building the app........
- Building the app....
- Building the app........
- Building the app......
- Building the app..
- Building the app.........
- Building the app
- Building the app.........
- Building the app
- Building the app......
- Building the app.......
- Building the app..
- Building the app....
- Building the app
- Building the app.........
- Building the app.
- Building the app..
- Building the app......
- Building the app.......
- Building the app.......
- Building the app..
- Building the app......
- Building the app.......
- Building the app........
- Building the app.........
- Building the app......
- Building the app..
- Building the app......
- Building the app.......
- Building the app........
- Building the app.........
- Building the app....
- Building the app.
- Building the app..
- Building the app.
- Building the app..
- Building the app
- Building the app.
- Building the app.........
- Building the app.....
- Building the app.....
- Building the app......
- Building the app........
- Building the app...
- Building the app..
- Building the app..
- Building the app.......
- Building the app.......
- Building the app........
- Building the app...
- Building the app.........
- Building the app
- Building the app.
- Building the app...
- Building the app.........
- Building the app.........
- Building the app
- Building the app
- Building the app.
- Building the app.
- Building the app......
- Building the app.........
- Building the app...
- Building the app..
- Building the app
- Building the app......
- Building the app
- Building the app.......
- Building the app........
- Building the app.
- Building the app.
- Building the app..
- Building the app...
- Building the app
- Building the app..
- Building the app..
- Building the app...
- Building the app....
- Building the app........
- Building the app........
- Building the app
- Building the app.
- Building the app...
- Building the app.........
- Building the app.
- Building the app....
- Building the app.........
- Building the app..
- Building the app...
- Building the app....
- Building the app.......
- Building the app........
- Building the app........
- Building the app........
- Building the app..
- Building the app......
- Building the app......
- Building the app.....
- Building the app......
- Building the app..
- Building the app.........
- Building the app.........
- Building the app......
- Building the app...
- Building the app....
- Building the app....
- Building the app
- Building the app.........
- Building the app
- Building the app.........
- Building the app........
- Building the app....
- Building the app....
- Building the app.
- Building the app..
- Building the app.
- Building the app.
- Building the app...
- Building the app..
- Building the app.......
- Building the app........
- Building the app...
- Building the app.......
- Building the app........
- Building the app......
- Building the app....
- Building the app..
- Building the app........
- Building the app......
- Building the app........
- Building the app
- Building the app......
- Building the app....
- Building the app......
- Building the app..
- Building the app....
- Building the app......
- Building the app.....
- Building the app.........
- Building the app....
- Building the app....
- Building the app.....
- Building the app.......
- Building the app..
- Building the app...
- Building the app......
- Building the app.......
- Building the app.
- Building the app
- Building the app.
- Building the app..
- Building the app....
- Building the app.....
- Building the app.....
- Building the app......
- Building the app........
- Building the app.........
- Building the app.....
- Building the app......
- Building the app...
- Building the app....
- Building the app...
- Building the app....
- Building the app.....
- Building the app......
- Building the app.........
- Building the app
- Building the app........
- Building the app.........
- Building the app...
- Building the app....
- Building the app...
- Building the app.........
- Building the app
- Building the app.......
- Building the app.....
- Building the app..
- Building the app...
- Building the app..
- Building the app...
- Building the app.....
- Building the app......
- Building the app.
- Building the app..
- Building the app
- Building the app.........
- Building the app....
- Building the app......
- Building the app.......
- Building the app....
- Building the app.....
- Building the app........
- Building the app.........
- Building the app.......
- Building the app.......
- Building the app........
- Building the app
- Building the app.......
- Building the app
- Building the app
- Building the app..
- Building the app.
- Building the app..
- Building the app....
- Building the app......
- Building the app........
- Building the app.
- Building the app...
- Building the app
- Building the app........
- Building the app......
- Building the app......
- Building the app........
- Building the app
- Building the app........
- Building the app.........
- Building the app........
- Building the app
- Building the app..
- Building the app.......
- Building the app....
- Building the app..
- Building the app...
- Building the app.....
- Building the app.......
- Building the app.......
- Building the app........
- Building the app
- Building the app.......
- Building the app........
- Building the app
- Building the app.......
- Building the app.......
- Building the app........
- Building the app
- Building the app..
- Building the app....
- Building the app.
- Building the app.
- Building the app.......
- Building the app........
- Building the app..
- Building the app....
- Building the app.....
- Building the app.......
- Building the app....
- Building the app..
- Building the app...
- Building the app.......
- Building the app..
- Building the app.
- Building the app.........
- Building the app........
- Building the app..
- Building the app....
- Building the app......
- Building the app........
- Building the app
- Building the app..
- Building the app......
- Building the app........
- Building the app..
- Building the app.....
- Building the app......
- Building the app........
- Building the app.
- Building the app.....
- Building the app...
- Building the app........
- Building the app.
- Building the app.....
- Building the app.......
- Building the app.........
- Building the app.....
- Building the app.......
- Building the app......
- Building the app..
- Building the app...
- Building the app....
- Building the app........
- Building the app
- Building the app...
- Building the app.....
- Building the app.......
- Building the app..
- Building the app.......
- Building the app........
- Building the app
- Building the app..
- Building the app....
- Building the app......
- Building the app....
- Building the app.......
- Building the app.........
- Building the app......
- Building the app........
- Building the app
- Building the app.........
- Building the app...
- Building the app....
- Building the app.....
- Building the app.........
- Building the app.
- Building the app..
- Building the app..
- Building the app
- Building the app.
- Building the app
- Building the app.....
- Building the app.......
- Building the app.........
- Building the app
- Building the app..
- Building the app....
- Building the app........
- Building the app.........
- Building the app......
- Building the app.......
- Building the app........
- Building the app
- Building the app.........
- Building the app.....
- Building the app.
- Building the app......
- Building the app.......
- Building the app..
- Building the app....
- Building the app.........
- Building the app.
- Building the app......
- Building the app........
- Building the app.......
- Building the app..
- Building the app...
- Building the app......
- Building the app......
- Building the app..
- Building the app.....
- Building the app.......
- Building the app...
- Building the app....
- Building the app.......
- Building the app........
- Building the app.......
- Building the app...
- Building the app....
- Building the app.....
- Building the app......
- Building the app...
- Building the app....
- Building the app.....
- Building the app..
- Building the app.......
- Building the app..
- Building the app........
- Building the app.........
- Building the app.
- Building the app...
- Building the app.....
- Building the app.......
- Building the app.........
- Building the app.....
- Building the app......
- Building the app....
- Building the app..
- Building the app...
- Building the app....
- Building the app.....
- Building the app.....
- Building the app.
- Building the app.....
- Building the app.......
- Building the app....
- Building the app.....
- Building the app.......
- Building the app...
- Building the app.....
- Building the app.......
- Building the app..
- Building the app....
- Building the app......
- Building the app..
- Building the app
- Building the app......
- Building the app.......
- Building the app........
- Building the app........
- Building the app....
- Building the app.....
- Building the app.......
- Building the app......
- Building the app..
- Building the app
- Building the app.
- Building the app......
- Building the app.....
- Building the app.......
- Building the app.......
- Building the app......
- Building the app......
- Building the app.
- Building the app........
- Building the app......
- Building the app.......
- Building the app
- Building the app.....
- Building the app......
- Building the app.
- Building the app...
- Building the app........
- Building the app.......
- Building the app.........
- Building the app...
- Building the app...
- Building the app.......
- Building the app........
- Building the app.........
- Building the app........
- Building the app.
- Building the app......
- Building the app..
- Building the app.
- Building the app...
- Building the app.....
- Building the app.......
- Building the app......
- Building the app.......
- Building the app.......
- Building the app.........
- Building the app....
- Building the app..
- Building the app..
- Building the app....
- Building the app.....
- Building the app
- Building the app....
- Building the app.....
- Building the app.........
- Building the app.....
- Building the app......
- Building the app..
- Building the app....
- Building the app......
- Building the app....
- Building the app
- Building the app.....
- Building the app.........
- Building the app.
- Building the app.......
- Building the app.........
- Building the app.....
- Building the app.......
- Building the app.........
- Building the app.
- Building the app
- Building the app.........
- Building the app.......
- Building the app.....
- Building the app
- Building the app..
- Building the app....
- Building the app......
- Building the app........
- Building the app
- Building the app..
- Building the app.......
- Building the app.........
- Building the app.
- Building the app...
- Building the app.....
- Building the app.......
- Building the app......
- Building the app
- Building the app.
- Building the app.........
- Building the app....
- Building the app....
- Building the app.....
- Building the app
- Building the app.
- Building the app........
- Building the app...
- Building the app.....
- Building the app........
- Building the app.....
- Building the app......
- Building the app.
- Building the app..
- Building the app........
- Building the app.......
- Building the app........
- Building the app.......
- Building the app........
- Building the app
- Building the app........
- Building the app
- Building the app.....
- Building the app......
- Building the app...
- Building the app.....
- Building the app.......
- Building the app.........
- Building the app.
- Building the app...
- Building the app
- Building the app...
- Building the app.........
- Building the app...
- Building the app.........
- Building the app...
- Building the app.......
- Building the app
- Building the app.......
- Building the app
- Building the app.
- Building the app.........
- Building the app
- Building the app.......
- Building the app.........
- Building the app.
- Building the app...
- Building the app.....
- Building the app.......
- Building the app.....
- Building the app.
- Building the app..
- Building the app.....
- Building the app.......
- Building the app.........
- Building the app......
- Building the app.......
- Building the app........
- Building the app.....
- Building the app..
- Building the app
- Building the app....
- Building the app.
- Building the app.
- Building the app.
- Building the app.......
- Building the app........
- Building the app.......
- Building the app
- Building the app....
- Building the app....
- Building the app
- Building the app.......
- Building the app......
- Building the app.......
- Building the app........
- Building the app......
- Building the app......
- Building the app.
- Building the app.........
- Building the app........
- Building the app........
- Building the app......
- Building the app........
- Building the app......
- Building the app.....
- Building the app...
- Building the app........
- Building the app......
- Building the app.........
- Building the app......
- Building the app....
- Building the app.......
- Building the app........
- Building the app...
- Building the app....
- Building the app......
- Building the app.....
- Building the app..
- Building the app...
- Building the app.....
- Building the app.
- Building the app...
- Building the app...
- Building the app.....
- Building the app.......
- Building the app.........
- Building the app.
- Building the app...
- Building the app.....
- Building the app.....
- Building the app.........
- Building the app
- Building the app..
- Building the app....
- Building the app......
- Building the app........
- Building the app
- Building the app.........
- Building the app
- Building the app..
- Building the app....
- Building the app.
- Building the app
- Building the app........
- Building the app.........
- Building the app....
- Building the app......
- Building the app.....
- Building the app...
- Building the app.....
- Building the app.......
- Building the app......
- Building the app......
- Building the app.......
- Building the app.........
- Building the app.
- Building the app........
- Building the app.........
- Building the app..
- Building the app...
- Building the app.........
- Building the app......
- Building the app........
- Building the app...
- Building the app.
- Building the app.......
- Building the app....
- Building the app......
- Building the app.........
- Building the app....
- Building the app.....
- Building the app...
- Building the app.....
- Building the app.....
- Building the app.......
- Building the app.......
- Building the app..
- Building the app......
- Building the app....
- Building the app..
- Building the app..
- Building the app.....
- Building the app......
- Building the app...
- Building the app.....
- Building the app.......
- Building the app.....
- Building the app.......
- Building the app.........
- Building the app.....
- Building the app.......
- Building the app....
- Building the app..
- Building the app
- Building the app.....
- Building the app......
- Building the app....
- Building the app....
- Building the app......
- Building the app..
- Building the app...
- Building the app.....
- Building the app......
- Building the app.
- Building the app..
- Building the app....
- Building the app......
- Building the app.....
- Building the app....
- Building the app..
- Building the app........
- Building the app.........
- Building the app.........
- Building the app.........
- Building the app...
- Building the app.........
- Building the app......
- Building the app.......
- Building the app....
- Building the app
- Building the app........
- Building the app.........
- Building the app.
- Building the app...
- Building the app.....
- Building the app.......
- Building the app.........
- Building the app...
- Building the app.......
- Building the app.....
- Building the app.......
- Building the app.........
- Building the app
- Building the app..
- Building the app....
- Building the app......
- Building the app
- Building the app.
- Building the app...
- Building the app......
- Building the app........
- Building the app
- Building the app.......
- Building the app........
- Building the app
- Building the app...
- Building the app........
- Building the app.......
- Building the app...
- Building the app....
- Building the app......
- Building the app....
- Building the app.....
- Building the app.......
- Building the app........
- Building the app.........
- Building the app
- Building the app..
- Building the app.......
- Building the app.
- Building the app......
- Building the app.......
- Building the app.........
- Building the app
- Building the app.
- Building the app...
- Building the app..
- Building the app...
- Building the app........
- Building the app.........
- Building the app.....
- Building the app......
- Building the app....
- Building the app.....
- Building the app..
- Building the app...
- Building the app.....
- Building the app.....
- Building the app.
- Building the app........
- Building the app
- Building the app........
- Building the app..
- Building the app...
- Building the app......
- Building the app.......
- Building the app.........
- Building the app.
- Building the app.....
- Building the app.......
- Building the app.
- Building the app.....
- Building the app....
- Building the app.......
- Building the app........
- Building the app.....
- Building the app......
- Building the app..
- Building the app...
- Building the app.....
- Building the app..
- Building the app...
- Building the app.....
- Building the app........
- Building the app.........
- Building the app.
- Building the app...
- Building the app
- Building the app..
- Building the app.......
- Building the app.........
- Building the app..
- Building the app
- Building the app.
- Building the app...
- Building the app.....
- Building the app..
- Building the app........
- Building the app.........
- Building the app.
- Building the app...
- Building the app
- Building the app..
- Building the app....
- Building the app......
- Building the app........
- Building the app.........
- Building the app
- Building the app
- Building the app.
- Building the app........
- Building the app.........
- Building the app....
- Building the app.........
- Building the app.........
- Building the app
- Building the app..
- Building the app....
- Building the app..
- Building the app
- Building the app....
- Building the app
- Building the app......
- Building the app.......
- Building the app.........
- Building the app.........
- Building the app....
- Building the app.....
- Building the app..
- Building the app...
- Building the app.....
- Building the app.....
- Building the app.....
- Building the app.....
- Building the app.........
- Building the app.
- Building the app...
- Building the app....
- Building the app.....
- Building the app..
- Building the app...
- Building the app......
- Building the app........
- Building the app.........
- Building the app..
- Building the app....
- Building the app......
- Building the app.......
- Building the app.....
- Building the app.
- Building the app...
- Building the app...
- Building the app.........
- Building the app.
- Building the app.....
- Building the app.....
- Building the app.......
- Building the app.........
- Building the app.........
- Building the app.........
- Building the app...
- Building the app....
- Building the app.....
- Building the app.......
- Building the app.......
- Building the app.........
- Building the app.........
- Building the app.......
- Building the app.
- Building the app.........
- Building the app...
- Building the app.....
- Building the app.......
- Building the app.........
- Building the app.......
- Building the app...
- Building the app.
- Building the app...
- Building the app.........
- Building the app.......
- Building the app.......
- Building the app.........
- Building the app........
- Building the app.........
- Building the app
- Building the app.
- Building the app.......
- Building the app.........
- Building the app...
- Building the app...
- Building the app...
- Building the app......
- Building the app.......
- Building the app.........
- Building the app....
- Building the app......
- Building the app.......
- Building the app......
- Building the app.........
- Building the app...
- Building the app........
- Building the app.....
- Building the app.........
- Building the app.
- Building the app.......
- Building the app.......
- Building the app.........
- Building the app.......
- Building the app.
- Building the app......
- Building the app........
- Building the app....
- Building the app........
- Building the app.....
- Building the app.....
- Building the app..
- Building the app..
- Building the app...
- Building the app.....
- Building the app.........
- Building the app.
- Building the app
- Building the app.
- Building the app.....
- Building the app.......
- Building the app...
- Building the app....
- Building the app......
- Building the app........
- Building the app
- Building the app..
- Building the app....
- Building the app......
- Building the app...
- Building the app.....
- Building the app.........
- Building the app.
- Building the app...
- Building the app....
- Building the app......
- Building the app.....
- Building the app
- Building the app.........
- Building the app.....
- Building the app........
- Building the app..
- Building the app
- Building the app....
- Building the app......
- Building the app........
- Building the app
- Building the app....
- Building the app...
- Building the app.....
- Building the app.......
- Building the app..
- Building the app....
- Building the app......
- Building the app........
- Building the app
- Building the app......
- Building the app.
- Building the app.........
- Building the app.
- Building the app...
- Building the app.....
- Building the app.......
- Building the app.........
- Building the app.
- Building the app..
- Building the app...
- Building the app.....
- Building the app.......
- Building the app......
- Building the app......
- Building the app........
- Building the app.......
- Building the app......
- Building the app..
- Building the app...
- Building the app.......
- Building the app........
- Building the app
- Building the app..
- Building the app....
- Building the app......
- Building the app........
- Building the app
- Building the app..
- Building the app....
- Building the app......
- Building the app........
- Building the app
- Building the app..
- Building the app....
- Building the app
- Building the app..
- Building the app....
- Building the app......
- Building the app........
- Building the app
- Building the app.......
- Building the app.........
- Building the app.
- Building the app...
- Building the app.....
- Building the app.......
- Building the app..
- Building the app.......
- Building the app.........
- Building the app.
- Building the app...
- Building the app.....
- Building the app
- Building the app.......
- Building the app
- Building the app.......
- Building the app.........
- Building the app..
- Building the app....
- Building the app......
- Building the app........
- Building the app.
- Building the app...
- Building the app.....
- Building the app.....
- Building the app......
- Building the app........
- Building the app
- Building the app..
- Building the app....
- Building the app......
- Building the app
- Building the app.
- Building the app.........
- Building the app....
- Building the app.....
- Building the app........
- Building the app
- Building the app..
- Building the app....
- Building the app...
- Building the app.........
- Building the app.
- Building the app.......
- Building the app.....
- Building the app......
- Building the app.........
- Building the app...
- Building the app......
- Building the app...
- Building the app.....
- Building the app.
- Building the app..
- Building the app....
- Building the app......
- Building the app....
- Building the app.....
- Building the app.......
- Building the app....
- Building the app......
- Building the app....
- Building the app.....
- Building the app......
- Building the app.
- Building the app......
- Building the app.......
- Building the app........
- Building the app..
- Building the app......
- Building the app.......
- Building the app....
- Building the app...
- Building the app....
- Building the app......
- Building the app.......
- Building the app.........
- Building the app..
- Building the app.....
- Building the app.....
- Building the app......
- Building the app........
- Building the app
- Building the app..
- Building the app......
- Building the app.......
- Building the app........
- Building the app.....
- Building the app.........
- Building the app........
- Building the app
- Building the app
- Building the app..
- Building the app.....
- Building the app......
- Building the app.......
- Building the app.........
- Building the app........
- Building the app.
- Building the app...
- Building the app
- Building the app.......
- Building the app......
- Building the app.........
- Building the app......
- Building the app.........
- Building the app......
- Building the app.
- Building the app.......
- Building the app..
- Building the app...
- Building the app..
- Building the app.....
- Building the app.......
- Building the app........
- Building the app
- Building the app........
- Building the app..
- Building the app........
- Building the app........
- Building the app......
- Building the app....
- Building the app.....
- Building the app.......
- Building the app......
- Building the app.......
- Building the app.....
- Building the app......
- Building the app...
- Building the app..
- Building the app.
- Building the app...
- Building the app.....
- Building the app.......
- Building the app.........
- Building the app.
- Building the app.......
- Building the app.........
- Building the app.
- Building the app...
- Building the app.....
- Building the app.......
- Building the app.........
- Building the app....
- Building the app.........
- Building the app....
- Building the app........
- Building the app
- Building the app
- Building the app.
- Building the app...
- Building the app.........
- Building the app.
- Building the app.
- Building the app...
- Building the app.......
- Building the app....
- Building the app......
- Building the app.....
- Building the app.......
- Building the app........
- Building the app.........
- Building the app........
- Building the app.....
- Building the app......
- Building the app.......
- Building the app........
- Building the app.......
- Building the app........
- Building the app....
- Building the app......
- Building the app........
- Building the app
- Building the app...
- Building the app....
- Building the app.......
- Building the app.....
- Building the app.......
- Building the app
- Building the app......
- Building the app........
- Building the app..
- Building the app......
- Building the app........
- Building the app
- Building the app.......
- Building the app........
- Building the app
- Building the app.......
- Building the app.........
- Building the app......
- Building the app.......
- Building the app.........
- Building the app.
- Building the app..
- Building the app........
- Building the app
- Building the app..
- Building the app....
- Building the app......
- Building the app
- Building the app..
- Building the app....
- Building the app......
- Building the app......
- Building the app.......
- Building the app.........
- Building the app.
- Building the app
- Building the app..
- Building the app....
- Building the app
- Building the app......
- Building the app
- Building the app.........
- Building the app.
- Building the app..
- Building the app....
- Building the app......
- Building the app.........
- Building the app....
- Building the app.....
- Building the app.
- Building the app...
- Building the app.....
- Building the app.......
- Building the app......
- Building the app........
- Building the app..
- Building the app
- Building the app..
- Building the app....
- Building the app.
- Building the app...
- Building the app.....
- Building the app.......
- Building the app.........
- Building the app...
- Building the app.........
- Building the app.
- Building the app...
- Building the app....
- Building the app......
- Building the app.......
- Building the app.........
- Building the app
- Building the app...
- Building the app.......
- Building the app.....
- Building the app......
- Building the app.
- Building the app...
- Building the app...
- Building the app....
- Building the app.
- Building the app...
- Building the app....
- Building the app
- Building the app.
- Building the app
- Building the app.
- Building the app.
- Building the app...
- Building the app....
- Building the app.........
- Building the app......
- Building the app..
- Building the app...
- Building the app
- Building the app.
- Building the app...
- Building the app
- Building the app.
- Building the app.......
- Building the app.........
- Building the app........
- Building the app.........
- Building the app.
- Building the app.......
- Building the app.......
- Building the app........
- Building the app.........
- Building the app..
- Building the app......
- Building the app...
- Building the app....
- Building the app..
- Building the app.........
- Building the app
- Building the app.
- Building the app.........
- Building the app..
- Building the app....
- Building the app.........
- Building the app....
- Building the app.........
- Building the app
- Building the app....
- Building the app........
- Building the app
- Building the app.....
- Building the app.......
- Building the app...
- Building the app.....
- Building the app.......
- Building the app.
- Building the app
- Building the app.
- Building the app...
- Building the app........
- Building the app.
- Building the app..
- Building the app.
- Building the app..
- Building the app.........
- Building the app
- Building the app
- Building the app.........
- Building the app.
- Building the app..
- Building the app........
- Building the app.......
- Building the app.......
- Building the app...
- Building the app...
- Building the app........
- Building the app......
- Building the app.........
- Building the app........
- Building the app
- Building the app.........
- Building the app
- Building the app.........
- Building the app....
- Building the app.........
- Building the app.....
- Building the app...
- Building the app
- Building the app......
- Building the app........
- Building the app........
- Building the app.....
- Building the app......
- Building the app
- Building the app..
- Building the app.....
- Building the app..
- Building the app.......
- Building the app..
- Building the app..
- Building the app.....
- Building the app..
- Building the app.......
- Building the app......
- Building the app.......
- Building the app....
- Building the app......
- Building the app..
- Building the app.....
- Building the app.......
- Building the app.........
- Building the app......
- Building the app.
- Building the app...
- Building the app....
- Building the app.
- Building the app...
- Building the app.....
- Building the app.......
- Building the app.........
- Building the app.
- Building the app...
- Building the app...
- Building the app....
- Building the app.......
- Building the app.......
- Building the app.....
- Building the app......
- Building the app.....
- Building the app......
- Building the app.....
- Building the app......
- Building the app........
- Building the app
- Building the app..
- Building the app....
- Building the app......
- Building the app........
- Building the app
- Building the app...
- Building the app
- Building the app.....
- Building the app
- Building the app.....
- Building the app......
- Building the app....
- Building the app.........
- Building the app..
- Building the app.....
- Building the app..
- Building the app...
- Building the app..
- Building the app...
- Building the app.........
- Building the app.......
- Building the app.........
- Building the app......
- Building the app....
- Building the app.....
- Building the app.....
- Building the app.........
- Building the app........
- Building the app.
- Building the app..
- Building the app........
- Building the app.....
- Building the app.....
- Building the app......
- Building the app........
- Building the app
- Building the app......
- Building the app....
- Building the app.........
- Building the app.........
- Building the app.......
- Building the app........
- Building the app....
- Building the app.....
- Building the app.........
- Building the app
- Building the app.
- Building the app.....
- Building the app...
- Building the app........
- Building the app.......
- Building the app.......
- Building the app.........
- Building the app.
- Building the app.........
- Building the app.......
- Building the app..
- Building the app.
- Building the app.
- Building the app........
- Building the app.........
- Building the app......
- Building the app......
- Building the app.......
- Building the app.......
- Building the app........
- Building the app..
- Building the app...
- Building the app.........
- Building the app....
- Building the app....
- Building the app...
- Building the app.......
- Building the app..
- Building the app
- Building the app.....
- Building the app....
- Building the app
- Building the app...
- Building the app...
- Building the app....
- Building the app.
- Building the app..
- Building the app....
- Building the app......
- Building the app...
- Building the app......
- Building the app.......
- Building the app.
- Building the app
- Building the app...
- Building the app........
- Building the app.......
- Building the app......
- Building the app.......
- Building the app......
- Building the app.....
- Building the app....
- Building the app.
- Building the app.....
- Building the app....
- Building the app.....
- Building the app....
- Building the app...
- Building the app.
- Building the app
- Building the app.....
- Building the app........
- Building the app.........
- Building the app...
- Building the app.......
- Building the app...
- Building the app
- Building the app.........
- Building the app.....
- Building the app.........
- Building the app
- Building the app.
- Building the app....
- Building the app.....
- Building the app...
- Building the app.......
- Building the app.........
- Building the app........
- Building the app
- Building the app.
- Building the app.........
- Building the app...
- Building the app........
- Building the app
- Building the app......
- Building the app.....
- Building the app........
- Building the app........
- Building the app
- Building the app....
- Building the app......
- Building the app..
- Building the app...
- Building the app
- Building the app........
- Building the app...
- Building the app....
- Building the app........
- Building the app.........
- Building the app......
- Building the app..
- Building the app..
- Building the app.......
- Building the app........
- Building the app......
- Building the app.........
- Building the app......
- Building the app.......
- Building the app.........
- Building the app
- Building the app.......
- Building the app.........
- Building the app..
- Building the app.........
- Building the app...
- Building the app....
- Building the app.
- Building the app....
- Building the app.
- Building the app......
- Building the app.........
- Building the app....
- Building the app.........
- Building the app
- Building the app.......
- Building the app.........
- Building the app
- Building the app.
- Building the app........
- Building the app...
- Building the app........
- Building the app.......
- Building the app........
- Building the app....
- Building the app........
- Building the app.
- Building the app..
- Building the app........
- Building the app
- Building the app.
- Building the app..
- Building the app....
- Building the app......
- Building the app........
- Building the app.........
- Building the app...
- Building the app.....
- Building the app.........
- Building the app.........
- Building the app
- Building the app..
- Building the app....
- Building the app..
- Building the app.........
- Building the app.
- Building the app
- Building the app.
- Building the app......
- Building the app......
- Building the app
- Building the app.
- Building the app........
- Building the app........
- Building the app.......
- Building the app.........
- Building the app....
- Building the app.........
- Building the app.
- Building the app......
- Building the app........
- Building the app....
- Building the app........
- Building the app
- Building the app......
- Building the app........
- Building the app...
- Building the app.....
- Building the app......
- Building the app...
- Building the app.........
- Building the app.
- Building the app.
- Building the app....
- Building the app......
- Building the app...
- Building the app.......
- Building the app
- Building the app..
- Building the app....
- Building the app.....
- Building the app.....
- Building the app......
- Building the app...
- Building the app
- Building the app..
- Building the app....
- Building the app......
- Building the app......
- Building the app....
- Building the app.....
- Building the app.
- Building the app...
- Building the app.....
- Building the app......
- Building the app.
- Building the app........
- Building the app..
- Building the app.
- Building the app....
- Building the app......
- Building the app...
- Building the app......
- Building the app.......
- Building the app....
- Building the app.
- Building the app.......
- Building the app........
- Building the app........
- Building the app
- Building the app.
- Building the app........
- Building the app.........
- Building the app.
- Building the app
- Building the app......
- Building the app.......
- Building the app.
- Building the app.....
- Building the app.....
- Building the app......
- Building the app.......
- Building the app......
- Building the app..
- Building the app..
- Building the app...
- Building the app...
- Building the app.......
- Building the app....
- Building the app......
- Building the app.......
- Building the app.........
- Building the app....
- Building the app.....
- Building the app.......
- Building the app...
- Building the app.........
- Building the app.
- Building the app...
- Building the app.....
- Building the app...
- Building the app........
- Building the app........
- Building the app....
- Building the app
- Building the app.
- Building the app..
- Building the app...
- Building the app....
- Building the app....
- Building the app......
- Building the app.
- Building the app...
- Building the app.........
- Building the app....
- Building the app.....
- Building the app.......
- Building the app.........
- Building the app.
- Building the app...
- Building the app
- Building the app.........
- Building the app.......
- Building the app
- Building the app.....
- Building the app......
- Building the app....
- Building the app........
- Building the app........
- Building the app...
- Building the app...
- Building the app
- Building the app........
- Building the app.........
- Building the app....
- Building the app.
- Building the app.......
- Building the app........
- Building the app
- Building the app
- Building the app..
- Building the app...
- Building the app.........
- Building the app
- Building the app......
- Building the app....
- Building the app..
- Building the app...
- Building the app.........
- Building the app.
- Building the app........
- Building the app........
- Building the app.........
- Building the app.......
- Building the app..
- Building the app....
- Building the app......
- Building the app
- Building the app
- Building the app..
- Building the app
- Building the app....
- Building the app.....
- Building the app.......
- Building the app
- Building the app........
- Building the app......
- Building the app.......
- Building the app.........
- Building the app.....
- Building the app......
- Building the app........
- Building the app....
- Building the app.......
- Building the app.
- Building the app..
- Building the app.....
- Building the app.......
- Building the app...
- Building the app....
- Building the app......
- Building the app......
- Building the app........
- Building the app
- Building the app.
- Building the app......
- Building the app......
- Building the app.......
- Building the app.
- Building the app....
- Building the app......
- Building the app.....
- Building the app.......
- Building the app.........
- Building the app
- Building the app..
- Building the app....
- Building the app....
- Building the app.....
- Building the app........
- Building the app.........
- Building the app.
- Building the app
- Building the app........
- Building the app
- Building the app...
- Building the app..
- Building the app....
- Building the app......
- Building the app........
- Building the app....
- Building the app........
- Building the app
- Building the app.........
- Building the app.......
- Building the app..
- Building the app........
- Building the app.........
- Building the app
- Building the app.....
- Building the app......
- Building the app.......
- Building the app.
- Building the app...
- Building the app.....
- Building the app..
- Building the app....
- Building the app
- Building the app..
- Building the app.......
- Building the app.
- Building the app..
- Building the app
- Building the app
- Building the app.
- Building the app.........
- Building the app.
- Building the app...
- Building the app.........
- Building the app........
- Building the app.........
- Building the app...
- Building the app....
- Building the app.....
- Building the app.......
- Building the app
- Building the app.........
- Building the app
- Building the app.......
- Building the app.........
- Building the app.....
- Building the app.
- Building the app.......
- Building the app.
- Building the app......
- Building the app.........
- Building the app.........
- Building the app....
- Building the app.....
- Building the app......
- Building the app.....
- Building the app...
- Building the app
- Building the app...
- Building the app....
- Building the app......
- Building the app........
- Building the app.........
- Building the app.....
- Building the app....
- Building the app.
- Building the app........
- Building the app...
- Building the app.........
- Building the app.....
- Building the app.
- Building the app.....
- Building the app......
- Building the app.......
- Building the app
- Building the app.
- Building the app.
- Building the app.....
- Building the app...
- Building the app......
- Building the app........
- Building the app.........
- Building the app.......
- Building the app.....
- Building the app.....
- Building the app.....
- Building the app...
- Building the app.....
- Building the app.......
- Building the app...
- Building the app....
- Building the app......
- Building the app........
- Building the app
- Building the app..
- Building the app....
- Building the app......
- Building the app
- Building the app.
- Building the app
- Building the app..
- Building the app....
- Building the app......
- Building the app........
- Building the app
- Building the app..
- Building the app...
- Building the app.........
- Building the app.
- Building the app........
- Building the app.....
- Building the app.......
- Building the app.....
- Building the app.......
- Building the app.........
- Building the app.
- Building the app....
- Building the app.....
- Building the app.......
- Building the app.
- Building the app..
- Building the app..
- Building the app
- Building the app.
- Building the app..
- Building the app.......
- Building the app........
- Building the app
- Building the app.......
- Building the app........
- Building the app.........
- Building the app.........
- Building the app.
- Building the app.....
- Building the app....
- Building the app......
- Building the app...
- Building the app......
- Building the app........
- Building the app.........
- Building the app
- Building the app..
- Building the app....
- Building the app..
- Building the app......
- Building the app........
- Building the app..
- Building the app.
- Building the app..
- Building the app...
- Building the app.....
- Building the app........
- Building the app
- Building the app...
- Building the app..
- Building the app......
- Building the app........
- Building the app.......
- Building the app......
- Building the app......
- Building the app.......
- Building the app....
- Building the app.....
- Building the app.......
- Building the app........
- Building the app.........
- Building the app.......
- Building the app....
- Building the app.
- Building the app......
- Building the app...
- Building the app.........
- Building the app
- Building the app........
- Building the app
- Building the app..
- Building the app....
- Building the app
- Building the app
- Building the app.
- Building the app.
- Building the app.....
- Building the app.........
- Building the app.........
- Building the app
- Building the app.....
- Building the app......
- Building the app..
- Building the app
- Building the app.......
- Building the app.........
- Building the app...
- Building the app....
- Building the app.........
- Building the app....
- Building the app.....
- Building the app.....
- Building the app......
- Building the app....
- Building the app........
- Building the app..
- Building the app.....
- Building the app.........
- Building the app.....
- Building the app.....
- Building the app......
- Building the app........
- Building the app
- Building the app..
- Building the app.....
- Building the app......
- Building the app........
- Building the app....
- Building the app.....
- Building the app.........
- Building the app.
- Building the app...
- Building the app........
- Building the app
- Building the app..
- Building the app.......
- Building the app........
- Building the app.....
- Building the app.......
- Building the app.........
- Building the app.
- Building the app....
- Building the app......
- Building the app.......
- Building the app.........
- Building the app....
- Building the app......
- Building the app.........
- Building the app....
- Building the app.....
- Building the app.........
- Building the app.....
- Building the app......
- Building the app........
- Building the app........
- Building the app.........
- Building the app......
- Building the app.......
- Building the app.........
- Building the app......
- Building the app.........
- Building the app
- Building the app.
- Building the app.
- Building the app.
- Building the app.........
- Building the app....
- Building the app......
- Building the app........
- Building the app
- Building the app..
- Building the app....
- Building the app..
- Building the app..
- Building the app....
- Building the app......
- Building the app........
- Building the app.
- Building the app
- Building the app.
- Building the app...
- Building the app......
- Building the app.......
- Building the app........
- Building the app
- Building the app
- Building the app.
- Building the app...
- Building the app..
- Building the app...
- Building the app.......
- Building the app.........
- Building the app.
- Building the app.....
- Building the app......
- Building the app........
- Building the app.
- Building the app
- Building the app....
- Building the app.....
- Building the app.......
- Building the app...
- Building the app....
- Building the app......
- Building the app..
- Building the app....
- Building the app
- Building the app...
- Building the app....
- Building the app...
- Building the app....
- Building the app.......
- Building the app........
- Building the app...
- Building the app.....
- Building the app.......
- Building the app.........
- Building the app.
- Building the app...
- Building the app.....
- Building the app......
- Building the app.......
- Building the app.........
- Building the app
- Building the app.....
- Building the app......
- Building the app........
- Building the app..
- Building the app....
- Building the app......
- Building the app
- Building the app......
- Building the app........
- Building the app.......
- Building the app....
- Building the app........
- Building the app....
- Building the app.....
- Building the app
- Building the app.
- Building the app.
- Building the app...
- Building the app....
- Building the app.....
- Building the app.......
- Building the app
- Building the app..
- Building the app.......
- Building the app........
- Building the app.........
- Building the app.........
- Building the app..
- Building the app....
- Building the app...
- Building the app.....
- Building the app....
- Building the app.....
- Building the app.......
- Building the app..
- Building the app...
- Building the app.
- Building the app......
- Building the app......
- Building the app.......
- Building the app
- Building the app..
- Building the app......
- Building the app.....
- Building the app.
- Building the app.......
- Building the app...
- Building the app....
- Building the app.....
- Building the app......
- Building the app...
- Building the app.....
- Building the app....
- Building the app.....
- Building the app.......
- Building the app........
- Building the app
- Building the app..
- Building the app........
- Building the app
- Building the app.........
- Building the app..
- Building the app...
- Building the app.....
- Building the app....
- Building the app.....
- Building the app.......
- Building the app........
- Building the app......
- Building the app..
- Building the app...
- Building the app...
- Building the app....
- Building the app...
- Building the app....
- Building the app......
- Building the app
- Building the app.
- Building the app...
- Building the app.
- Building the app........
- Building the app
- Building the app..
- Building the app........
- Building the app.........
- Building the app..
- Building the app.........
- Building the app...
- Building the app....
- Building the app..
- Building the app....
- Building the app
- Building the app..
- Building the app....
- Building the app......
- Building the app........
- Building the app
- Building the app..
- Building the app....
- Building the app......
- Building the app........
- Building the app
- Building the app.......
- Building the app.......
- Building the app..
- Building the app
- Building the app
- Building the app......
- Building the app........
- Building the app
- Building the app..
- Building the app....
- Building the app......
- Building the app.
- Building the app...
- Building the app.........
- Building the app
- Building the app.......
- Building the app.........
- Building the app.
- Building the app.......
- Building the app...
- Building the app....
- Building the app.
- Building the app......
- Building the app.......
- Building the app..
- Building the app...
- Building the app........
- Building the app.........
- Building the app
- Building the app..
- Building the app.......
- Building the app........
- Building the app.........
- Building the app....
- Building the app.........
- Building the app
- Building the app.
- Building the app...
- Building the app...
- Building the app....
- Building the app...
- Building the app.....
- Building the app.
- Building the app...
- Building the app....
- Building the app......
- Building the app........
- Building the app.........
- Building the app...
- Building the app.....
- Building the app.
- Building the app........
- Building the app.........
- Building the app.
- Building the app....
- Building the app......
- Building the app...
- Building the app.....
- Building the app.
- Building the app..
- Building the app...
- Building the app.....
- Building the app
- Building the app.
- Building the app
- Building the app..
- Building the app........
- Building the app
- Building the app....
- Building the app......
- Building the app..
- Building the app....
- Building the app......
- Building the app....
- Building the app........
- Building the app.........
- Building the app.
- Building the app...
- Building the app.......
- Building the app.........
- Building the app.
- Building the app...
- Building the app.....
- Building the app
- Building the app..
- Building the app......
- Building the app.......
- Building the app.......
- Building the app.........
- Building the app.........
- Building the app....
- Building the app......
- Building the app..
- Building the app...
- Building the app....
- Building the app........
- Building the app.........
- Building the app....
- Building the app.....
- Building the app.
- Building the app...
- Building the app.........
- Building the app......
- Building the app.
- Building the app
- Building the app........
- Building the app.......
- Building the app...
- Building the app......
- Building the app........
- Building the app
- Building the app......
- Building the app
- Building the app.
- Building the app...
- Building the app..
- Building the app...
- Building the app.
- Building the app..
- Building the app.........
- Building the app.........
- Building the app.
- Building the app..
- Building the app...
- Building the app.........
- Building the app...
- Building the app...
- Building the app.......
- Building the app.
- Building the app.........
- Building the app.......
- Building the app..
- Building the app...
- Building the app........
- Building the app........
- Building the app.........
- Building the app........
- Building the app.........
- Building the app
- Building the app.......
- Building the app........
- Building the app.....
- Building the app.........
- Building the app
- Building the app........
- Building the app...
- Building the app.........
- Building the app...
- Building the app.........
- Building the app.........
- Building the app..
- Building the app.
- Building the app......
- Building the app..
- Building the app.......
- Building the app..
- Building the app.......
- Building the app.
- Building the app.
- Building the app.........
- Building the app........
- Building the app......
- Building the app.....
- Building the app......
- Building the app.......
- Building the app
- Building the app....
- Building the app.
- Building the app....
- Building the app..
- Building the app......
- Building the app....
- Building the app.....
- Building the app.........
- Building the app
- Building the app........
- Building the app.....
- Building the app...
- Building the app...
- Building the app...
- Building the app.....
- Building the app......
- Building the app........
- Building the app
- Building the app..
- Building the app....
- Building the app....
- Building the app.....
- Building the app
- Building the app......
- Building the app.
- Building the app..
- Building the app....
- Building the app....
- Building the app......
- Building the app.......
- Building the app........
- Building the app......
- Building the app..
- Building the app....
- Building the app......
- Building the app........
- Building the app
- Building the app.........
- Building the app...
- Building the app
- Building the app.....
- Building the app.......
- Building the app.......
- Building the app........
- Building the app
- Building the app..
- Building the app....
- Building the app......
- Building the app......
- Building the app........
- Building the app
- Building the app.......
- Building the app.........
- Building the app
- Building the app..
- Building the app.....
- Building the app......
- Building the app....
- Building the app.....
- Building the app..
- Building the app.
- Building the app..
- Building the app.
- Building the app..
- Building the app....
- Building the app......
- Building the app........
- Building the app
- Building the app..
- Building the app....
- Building the app......
- Building the app........
- Building the app
- Building the app..
- Building the app....
- Building the app......
- Building the app.....
- Building the app.......
- Building the app...
- Building the app
- Building the app.
- Building the app...
- Building the app........

info 💡 Tip: Make sure that you have set up your development environment correctly, by running npx react-native doctor. To read more about doctor command visit: https://github.com/react-native-community/cli/blob/main/packages/cli-doctor/README.md#doctor 

error Failed to build iOS project. "xcodebuild" exited with error code '65'. To debug build logs further, consider building your app with Xcode.app, by opening 'PokeExplorer.xcworkspace'.
Command line invocation:
    /Applications/Xcode.app/Contents/Developer/usr/bin/xcodebuild -workspace PokeExplorer.xcworkspace -configuration Debug -scheme PokeExplorer -destination id=0A01A6FA-A43B-4766-ABFE-30C1818F4E93

ComputePackagePrebuildTargetDependencyGraph

Prepare packages

CreateBuildRequest

SendProjectDescription

CreateBuildOperation

ComputeTargetDependencyGraph
note: Building targets in dependency order
note: Target dependency graph (115 targets)
    Target 'PokeExplorer' in project 'PokeExplorer'
        ➜ Implicit dependency on target 'Pods-PokeExplorer' in project 'Pods' via file 'Pods_PokeExplorer.framework' in build phase 'Link Binary'
        ➜ Implicit dependency on target 'AppAuth' in project 'Pods' via options '-framework AppAuth' in build setting 'OTHER_LDFLAGS'
        ➜ Implicit dependency on target 'BVLinearGradient' in project 'Pods' via options '-framework BVLinearGradient' in build setting 'OTHER_LDFLAGS'
        ➜ Implicit dependency on target 'React-CoreModules' in project 'Pods' via options '-framework CoreModules' in build setting 'OTHER_LDFLAGS'
        ➜ Implicit dependency on target 'DoubleConversion' in project 'Pods' via options '-framework DoubleConversion' in build setting 'OTHER_LDFLAGS'
        ➜ Implicit dependency on target 'PromisesObjC' in project 'Pods' via options '-framework FBLPromises' in build setting 'OTHER_LDFLAGS'
        ➜ Implicit dependency on target 'FirebaseAppCheckInterop' in project 'Pods' via options '-framework FirebaseAppCheckInterop' in build setting 'OTHER_LDFLAGS'
        ➜ Implicit dependency on target 'FirebaseAuth' in project 'Pods' via options '-framework FirebaseAuth' in build setting 'OTHER_LDFLAGS'
        ➜ Implicit dependency on target 'FirebaseCore' in project 'Pods' via options '-framework FirebaseCore' in build setting 'OTHER_LDFLAGS'
        ➜ Implicit dependency on target 'FirebaseCoreExtension' in project 'Pods' via options '-framework FirebaseCoreExtension' in build setting 'OTHER_LDFLAGS'
        ➜ Implicit dependency on target 'FirebaseCoreInternal' in project 'Pods' via options '-framework FirebaseCoreInternal' in build setting 'OTHER_LDFLAGS'
        ➜ Implicit dependency on target 'FirebaseDatabase' in project 'Pods' via options '-framework FirebaseDatabase' in build setting 'OTHER_LDFLAGS'
        ➜ Implicit dependency on target 'FirebaseInstallations' in project 'Pods' via options '-framework FirebaseInstallations' in build setting 'OTHER_LDFLAGS'
        ➜ Implicit dependency on target 'FirebaseMessaging' in project 'Pods' via options '-framework FirebaseMessaging' in build setting 'OTHER_LDFLAGS'
        ➜ Implicit dependency on target 'FirebaseSharedSwift' in project 'Pods' via options '-framework FirebaseSharedSwift' in build setting 'OTHER_LDFLAGS'
        ➜ Implicit dependency on target 'GTMAppAuth' in project 'Pods' via options '-framework GTMAppAuth' in build setting 'OTHER_LDFLAGS'
        ➜ Implicit dependency on target 'GTMSessionFetcher' in project 'Pods' via options '-framework GTMSessionFetcher' in build setting 'OTHER_LDFLAGS'
        ➜ Implicit dependency on target 'GoogleDataTransport' in project 'Pods' via options '-framework GoogleDataTransport' in build setting 'OTHER_LDFLAGS'
        ➜ Implicit dependency on target 'GoogleSignIn' in project 'Pods' via options '-framework GoogleSignIn' in build setting 'OTHER_LDFLAGS'
        ➜ Implicit dependency on target 'GoogleUtilities' in project 'Pods' via options '-framework GoogleUtilities' in build setting 'OTHER_LDFLAGS'
        ➜ Implicit dependency on target 'React-RCTAnimation' in project 'Pods' via options '-framework RCTAnimation' in build setting 'OTHER_LDFLAGS'
        ➜ Implicit dependency on target 'React-RCTBlob' in project 'Pods' via options '-framework RCTBlob' in build setting 'OTHER_LDFLAGS'
        ➜ Implicit dependency on target 'React-RCTFabric' in project 'Pods' via options '-framework RCTFabric' in build setting 'OTHER_LDFLAGS'
        ➜ Implicit dependency on target 'React-RCTImage' in project 'Pods' via options '-framework RCTImage' in build setting 'OTHER_LDFLAGS'
        ➜ Implicit dependency on target 'React-RCTLinking' in project 'Pods' via options '-framework RCTLinking' in build setting 'OTHER_LDFLAGS'
        ➜ Implicit dependency on target 'React-RCTNetwork' in project 'Pods' via options '-framework RCTNetwork' in build setting 'OTHER_LDFLAGS'
        ➜ Implicit dependency on target 'React-RCTSettings' in project 'Pods' via options '-framework RCTSettings' in build setting 'OTHER_LDFLAGS'
        ➜ Implicit dependency on target 'React-RCTText' in project 'Pods' via options '-framework RCTText' in build setting 'OTHER_LDFLAGS'
        ➜ Implicit dependency on target 'RCTTypeSafety' in project 'Pods' via options '-framework RCTTypeSafety' in build setting 'OTHER_LDFLAGS'
        ➜ Implicit dependency on target 'React-RCTVibration' in project 'Pods' via options '-framework RCTVibration' in build setting 'OTHER_LDFLAGS'
        ➜ Implicit dependency on target 'RNCAsyncStorage' in project 'Pods' via options '-framework RNCAsyncStorage' in build setting 'OTHER_LDFLAGS'
        ➜ Implicit dependency on target 'RNFBApp' in project 'Pods' via options '-framework RNFBApp' in build setting 'OTHER_LDFLAGS'
        ➜ Implicit dependency on target 'RNFBAuth' in project 'Pods' via options '-framework RNFBAuth' in build setting 'OTHER_LDFLAGS'
        ➜ Implicit dependency on target 'RNFBDatabase' in project 'Pods' via options '-framework RNFBDatabase' in build setting 'OTHER_LDFLAGS'
        ➜ Implicit dependency on target 'RNFBMessaging' in project 'Pods' via options '-framework RNFBMessaging' in build setting 'OTHER_LDFLAGS'
        ➜ Implicit dependency on target 'RNFS' in project 'Pods' via options '-framework RNFS' in build setting 'OTHER_LDFLAGS'
        ➜ Implicit dependency on target 'RNGestureHandler' in project 'Pods' via options '-framework RNGestureHandler' in build setting 'OTHER_LDFLAGS'
        ➜ Implicit dependency on target 'RNGoogleSignin' in project 'Pods' via options '-framework RNGoogleSignin' in build setting 'OTHER_LDFLAGS'
        ➜ Implicit dependency on target 'RNNotifee' in project 'Pods' via options '-framework RNNotifee' in build setting 'OTHER_LDFLAGS'
        ➜ Implicit dependency on target 'RNPermissions' in project 'Pods' via options '-framework RNPermissions' in build setting 'OTHER_LDFLAGS'
        ➜ Implicit dependency on target 'RNReanimated' in project 'Pods' via options '-framework RNReanimated' in build setting 'OTHER_LDFLAGS'
        ➜ Implicit dependency on target 'RNScreens' in project 'Pods' via options '-framework RNScreens' in build setting 'OTHER_LDFLAGS'
        ➜ Implicit dependency on target 'RNShare' in project 'Pods' via options '-framework RNShare' in build setting 'OTHER_LDFLAGS'
        ➜ Implicit dependency on target 'RNVectorIcons' in project 'Pods' via options '-framework RNVectorIcons' in build setting 'OTHER_LDFLAGS'
        ➜ Implicit dependency on target 'React-Core' in project 'Pods' via options '-framework React' in build setting 'OTHER_LDFLAGS'
        ➜ Implicit dependency on target 'ReactCommon' in project 'Pods' via options '-framework ReactCommon' in build setting 'OTHER_LDFLAGS'
        ➜ Implicit dependency on target 'React-Codegen' in project 'Pods' via options '-framework React_Codegen' in build setting 'OTHER_LDFLAGS'
        ➜ Implicit dependency on target 'React-Fabric' in project 'Pods' via options '-framework React_Fabric' in build setting 'OTHER_LDFLAGS'
        ➜ Implicit dependency on target 'React-FabricImage' in project 'Pods' via options '-framework React_FabricImage' in build setting 'OTHER_LDFLAGS'
        ➜ Implicit dependency on target 'React-ImageManager' in project 'Pods' via options '-framework React_ImageManager' in build setting 'OTHER_LDFLAGS'
        ➜ Implicit dependency on target 'React-Mapbuffer' in project 'Pods' via options '-framework React_Mapbuffer' in build setting 'OTHER_LDFLAGS'
        ➜ Implicit dependency on target 'React-NativeModulesApple' in project 'Pods' via options '-framework React_NativeModulesApple' in build setting 'OTHER_LDFLAGS'
        ➜ Implicit dependency on target 'React-RCTAppDelegate' in project 'Pods' via options '-framework React_RCTAppDelegate' in build setting 'OTHER_LDFLAGS'
        ➜ Implicit dependency on target 'React-debug' in project 'Pods' via options '-framework React_debug' in build setting 'OTHER_LDFLAGS'
        ➜ Implicit dependency on target 'React-graphics' in project 'Pods' via options '-framework React_graphics' in build setting 'OTHER_LDFLAGS'
        ➜ Implicit dependency on target 'React-jserrorhandler' in project 'Pods' via options '-framework React_jserrorhandler' in build setting 'OTHER_LDFLAGS'
        ➜ Implicit dependency on target 'React-nativeconfig' in project 'Pods' via options '-framework React_nativeconfig' in build setting 'OTHER_LDFLAGS'
        ➜ Implicit dependency on target 'React-rendererdebug' in project 'Pods' via options '-framework React_rendererdebug' in build setting 'OTHER_LDFLAGS'
        ➜ Implicit dependency on target 'React-runtimescheduler' in project 'Pods' via options '-framework React_runtimescheduler' in build setting 'OTHER_LDFLAGS'
        ➜ Implicit dependency on target 'React-utils' in project 'Pods' via options '-framework React_utils' in build setting 'OTHER_LDFLAGS'
        ➜ Implicit dependency on target 'RecaptchaInterop' in project 'Pods' via options '-framework RecaptchaInterop' in build setting 'OTHER_LDFLAGS'
        ➜ Implicit dependency on target 'SocketRocket' in project 'Pods' via options '-framework SocketRocket' in build setting 'OTHER_LDFLAGS'
        ➜ Implicit dependency on target 'VisionCamera' in project 'Pods' via options '-framework VisionCamera' in build setting 'OTHER_LDFLAGS'
        ➜ Implicit dependency on target 'React-cxxreact' in project 'Pods' via options '-framework cxxreact' in build setting 'OTHER_LDFLAGS'
        ➜ Implicit dependency on target 'fmt' in project 'Pods' via options '-framework fmt' in build setting 'OTHER_LDFLAGS'
        ➜ Implicit dependency on target 'RCT-Folly' in project 'Pods' via options '-framework folly' in build setting 'OTHER_LDFLAGS'
        ➜ Implicit dependency on target 'glog' in project 'Pods' via options '-framework glog' in build setting 'OTHER_LDFLAGS'
        ➜ Implicit dependency on target 'React-jsi' in project 'Pods' via options '-framework jsi' in build setting 'OTHER_LDFLAGS'
        ➜ Implicit dependency on target 'React-jsinspector' in project 'Pods' via options '-framework jsinspector' in build setting 'OTHER_LDFLAGS'
        ➜ Implicit dependency on target 'React-jsiexecutor' in project 'Pods' via options '-framework jsireact' in build setting 'OTHER_LDFLAGS'
        ➜ Implicit dependency on target 'leveldb-library' in project 'Pods' via options '-framework leveldb' in build setting 'OTHER_LDFLAGS'
        ➜ Implicit dependency on target 'libevent' in project 'Pods' via options '-framework libevent' in build setting 'OTHER_LDFLAGS'
        ➜ Implicit dependency on target 'React-logger' in project 'Pods' via options '-framework logger' in build setting 'OTHER_LDFLAGS'
        ➜ Implicit dependency on target 'nanopb' in project 'Pods' via options '-framework nanopb' in build setting 'OTHER_LDFLAGS'
        ➜ Implicit dependency on target 'react-native-geolocation' in project 'Pods' via options '-framework react_native_geolocation' in build setting 'OTHER_LDFLAGS'
        ➜ Implicit dependency on target 'react-native-geolocation-service' in project 'Pods' via options '-framework react_native_geolocation_service' in build setting 'OTHER_LDFLAGS'
        ➜ Implicit dependency on target 'react-native-image-picker' in project 'Pods' via options '-framework react_native_image_picker' in build setting 'OTHER_LDFLAGS'
        ➜ Implicit dependency on target 'react-native-maps' in project 'Pods' via options '-framework react_native_maps' in build setting 'OTHER_LDFLAGS'
        ➜ Implicit dependency on target 'react-native-netinfo' in project 'Pods' via options '-framework react_native_netinfo' in build setting 'OTHER_LDFLAGS'
        ➜ Implicit dependency on target 'react-native-safe-area-context' in project 'Pods' via options '-framework react_native_safe_area_context' in build setting 'OTHER_LDFLAGS'
        ➜ Implicit dependency on target 'react-native-voice' in project 'Pods' via options '-framework react_native_voice' in build setting 'OTHER_LDFLAGS'
        ➜ Implicit dependency on target 'react-native-webview' in project 'Pods' via options '-framework react_native_webview' in build setting 'OTHER_LDFLAGS'
        ➜ Implicit dependency on target 'React-hermes' in project 'Pods' via options '-framework reacthermes' in build setting 'OTHER_LDFLAGS'
        ➜ Implicit dependency on target 'React-perflogger' in project 'Pods' via options '-framework reactperflogger' in build setting 'OTHER_LDFLAGS'
        ➜ Implicit dependency on target 'Yoga' in project 'Pods' via options '-framework yoga' in build setting 'OTHER_LDFLAGS'
    Target 'Pods-PokeExplorer' in project 'Pods'
        ➜ Explicit dependency on target 'AppAuth' in project 'Pods'
        ➜ Explicit dependency on target 'BVLinearGradient' in project 'Pods'
        ➜ Explicit dependency on target 'DoubleConversion' in project 'Pods'
        ➜ Explicit dependency on target 'FBLazyVector' in project 'Pods'
        ➜ Explicit dependency on target 'FBReactNativeSpec' in project 'Pods'
        ➜ Explicit dependency on target 'Firebase' in project 'Pods'
        ➜ Explicit dependency on target 'FirebaseAppCheckInterop' in project 'Pods'
        ➜ Explicit dependency on target 'FirebaseAuth' in project 'Pods'
        ➜ Explicit dependency on target 'FirebaseCore' in project 'Pods'
        ➜ Explicit dependency on target 'FirebaseCoreExtension' in project 'Pods'
        ➜ Explicit dependency on target 'FirebaseCoreInternal' in project 'Pods'
        ➜ Explicit dependency on target 'FirebaseDatabase' in project 'Pods'
        ➜ Explicit dependency on target 'FirebaseInstallations' in project 'Pods'
        ➜ Explicit dependency on target 'FirebaseMessaging' in project 'Pods'
        ➜ Explicit dependency on target 'FirebaseSharedSwift' in project 'Pods'
        ➜ Explicit dependency on target 'GTMAppAuth' in project 'Pods'
        ➜ Explicit dependency on target 'GTMSessionFetcher' in project 'Pods'
        ➜ Explicit dependency on target 'GoogleDataTransport' in project 'Pods'
        ➜ Explicit dependency on target 'GoogleSignIn' in project 'Pods'
        ➜ Explicit dependency on target 'GoogleUtilities' in project 'Pods'
        ➜ Explicit dependency on target 'PromisesObjC' in project 'Pods'
        ➜ Explicit dependency on target 'RCT-Folly' in project 'Pods'
        ➜ Explicit dependency on target 'RCTRequired' in project 'Pods'
        ➜ Explicit dependency on target 'RCTTypeSafety' in project 'Pods'
        ➜ Explicit dependency on target 'RNCAsyncStorage' in project 'Pods'
        ➜ Explicit dependency on target 'RNFBApp' in project 'Pods'
        ➜ Explicit dependency on target 'RNFBAuth' in project 'Pods'
        ➜ Explicit dependency on target 'RNFBDatabase' in project 'Pods'
        ➜ Explicit dependency on target 'RNFBMessaging' in project 'Pods'
        ➜ Explicit dependency on target 'RNFS' in project 'Pods'
        ➜ Explicit dependency on target 'RNGestureHandler' in project 'Pods'
        ➜ Explicit dependency on target 'RNGoogleSignin' in project 'Pods'
        ➜ Explicit dependency on target 'RNNotifee' in project 'Pods'
        ➜ Explicit dependency on target 'RNPermissions' in project 'Pods'
        ➜ Explicit dependency on target 'RNReanimated' in project 'Pods'
        ➜ Explicit dependency on target 'RNScreens' in project 'Pods'
        ➜ Explicit dependency on target 'RNShare' in project 'Pods'
        ➜ Explicit dependency on target 'RNVectorIcons' in project 'Pods'
        ➜ Explicit dependency on target 'React' in project 'Pods'
        ➜ Explicit dependency on target 'React-Codegen' in project 'Pods'
        ➜ Explicit dependency on target 'React-Core' in project 'Pods'
        ➜ Explicit dependency on target 'React-CoreModules' in project 'Pods'
        ➜ Explicit dependency on target 'React-Fabric' in project 'Pods'
        ➜ Explicit dependency on target 'React-FabricImage' in project 'Pods'
        ➜ Explicit dependency on target 'React-ImageManager' in project 'Pods'
        ➜ Explicit dependency on target 'React-Mapbuffer' in project 'Pods'
        ➜ Explicit dependency on target 'React-NativeModulesApple' in project 'Pods'
        ➜ Explicit dependency on target 'React-RCTActionSheet' in project 'Pods'
        ➜ Explicit dependency on target 'React-RCTAnimation' in project 'Pods'
        ➜ Explicit dependency on target 'React-RCTAppDelegate' in project 'Pods'
        ➜ Explicit dependency on target 'React-RCTBlob' in project 'Pods'
        ➜ Explicit dependency on target 'React-RCTFabric' in project 'Pods'
        ➜ Explicit dependency on target 'React-RCTImage' in project 'Pods'
        ➜ Explicit dependency on target 'React-RCTLinking' in project 'Pods'
        ➜ Explicit dependency on target 'React-RCTNetwork' in project 'Pods'
        ➜ Explicit dependency on target 'React-RCTSettings' in project 'Pods'
        ➜ Explicit dependency on target 'React-RCTText' in project 'Pods'
        ➜ Explicit dependency on target 'React-RCTVibration' in project 'Pods'
        ➜ Explicit dependency on target 'React-callinvoker' in project 'Pods'
        ➜ Explicit dependency on target 'React-cxxreact' in project 'Pods'
        ➜ Explicit dependency on target 'React-debug' in project 'Pods'
        ➜ Explicit dependency on target 'React-graphics' in project 'Pods'
        ➜ Explicit dependency on target 'React-hermes' in project 'Pods'
        ➜ Explicit dependency on target 'React-jserrorhandler' in project 'Pods'
        ➜ Explicit dependency on target 'React-jsi' in project 'Pods'
        ➜ Explicit dependency on target 'React-jsiexecutor' in project 'Pods'
        ➜ Explicit dependency on target 'React-jsinspector' in project 'Pods'
        ➜ Explicit dependency on target 'React-logger' in project 'Pods'
        ➜ Explicit dependency on target 'React-nativeconfig' in project 'Pods'
        ➜ Explicit dependency on target 'React-perflogger' in project 'Pods'
        ➜ Explicit dependency on target 'React-rendererdebug' in project 'Pods'
        ➜ Explicit dependency on target 'React-rncore' in project 'Pods'
        ➜ Explicit dependency on target 'React-runtimeexecutor' in project 'Pods'
        ➜ Explicit dependency on target 'React-runtimescheduler' in project 'Pods'
        ➜ Explicit dependency on target 'React-utils' in project 'Pods'
        ➜ Explicit dependency on target 'ReactCommon' in project 'Pods'
        ➜ Explicit dependency on target 'RecaptchaInterop' in project 'Pods'
        ➜ Explicit dependency on target 'SocketRocket' in project 'Pods'
        ➜ Explicit dependency on target 'VisionCamera' in project 'Pods'
        ➜ Explicit dependency on target 'Yoga' in project 'Pods'
        ➜ Explicit dependency on target 'boost' in project 'Pods'
        ➜ Explicit dependency on target 'fmt' in project 'Pods'
        ➜ Explicit dependency on target 'glog' in project 'Pods'
        ➜ Explicit dependency on target 'hermes-engine' in project 'Pods'
        ➜ Explicit dependency on target 'leveldb-library' in project 'Pods'
        ➜ Explicit dependency on target 'libevent' in project 'Pods'
        ➜ Explicit dependency on target 'nanopb' in project 'Pods'
        ➜ Explicit dependency on target 'react-native-geolocation' in project 'Pods'
        ➜ Explicit dependency on target 'react-native-geolocation-service' in project 'Pods'
        ➜ Explicit dependency on target 'react-native-image-picker' in project 'Pods'
        ➜ Explicit dependency on target 'react-native-maps' in project 'Pods'
        ➜ Explicit dependency on target 'react-native-netinfo' in project 'Pods'
        ➜ Explicit dependency on target 'react-native-safe-area-context' in project 'Pods'
        ➜ Explicit dependency on target 'react-native-voice' in project 'Pods'
        ➜ Explicit dependency on target 'react-native-webview' in project 'Pods'
    Target 'react-native-webview' in project 'Pods'
        ➜ Explicit dependency on target 'RCT-Folly' in project 'Pods'
        ➜ Explicit dependency on target 'React-Core' in project 'Pods'
        ➜ Explicit dependency on target 'glog' in project 'Pods'
    Target 'react-native-voice' in project 'Pods'
        ➜ Explicit dependency on target 'React-Core' in project 'Pods'
    Target 'react-native-safe-area-context' in project 'Pods'
        ➜ Explicit dependency on target 'React-Core' in project 'Pods'
    Target 'react-native-netinfo' in project 'Pods'
        ➜ Explicit dependency on target 'React-Core' in project 'Pods'
    Target 'react-native-maps' in project 'Pods'
        ➜ Explicit dependency on target 'React-Core' in project 'Pods'
    Target 'react-native-image-picker' in project 'Pods'
        ➜ Explicit dependency on target 'RCT-Folly' in project 'Pods'
        ➜ Explicit dependency on target 'React-Core' in project 'Pods'
        ➜ Explicit dependency on target 'glog' in project 'Pods'
        ➜ Explicit dependency on target 'react-native-image-picker-RNImagePickerPrivacyInfo' in project 'Pods'
    Target 'react-native-image-picker-RNImagePickerPrivacyInfo' in project 'Pods' (no dependencies)
    Target 'react-native-geolocation-service' in project 'Pods'
        ➜ Explicit dependency on target 'React' in project 'Pods'
    Target 'react-native-geolocation' in project 'Pods'
        ➜ Explicit dependency on target 'RCT-Folly' in project 'Pods'
        ➜ Explicit dependency on target 'React-Core' in project 'Pods'
        ➜ Explicit dependency on target 'glog' in project 'Pods'
    Target 'VisionCamera' in project 'Pods'
        ➜ Explicit dependency on target 'React' in project 'Pods'
        ➜ Explicit dependency on target 'React-Core' in project 'Pods'
        ➜ Explicit dependency on target 'React-callinvoker' in project 'Pods'
    Target 'React-jserrorhandler' in project 'Pods'
        ➜ Explicit dependency on target 'RCT-Folly' in project 'Pods'
        ➜ Explicit dependency on target 'React-Mapbuffer' in project 'Pods'
        ➜ Explicit dependency on target 'React-debug' in project 'Pods'
        ➜ Explicit dependency on target 'React-jsi' in project 'Pods'
    Target 'React-RCTAppDelegate' in project 'Pods'
        ➜ Explicit dependency on target 'RCT-Folly' in project 'Pods'
        ➜ Explicit dependency on target 'RCTRequired' in project 'Pods'
        ➜ Explicit dependency on target 'RCTTypeSafety' in project 'Pods'
        ➜ Explicit dependency on target 'React-Core' in project 'Pods'
        ➜ Explicit dependency on target 'React-CoreModules' in project 'Pods'
        ➜ Explicit dependency on target 'React-NativeModulesApple' in project 'Pods'
        ➜ Explicit dependency on target 'React-RCTFabric' in project 'Pods'
        ➜ Explicit dependency on target 'React-RCTImage' in project 'Pods'
        ➜ Explicit dependency on target 'React-RCTNetwork' in project 'Pods'
        ➜ Explicit dependency on target 'React-hermes' in project 'Pods'
        ➜ Explicit dependency on target 'React-nativeconfig' in project 'Pods'
        ➜ Explicit dependency on target 'React-runtimescheduler' in project 'Pods'
        ➜ Explicit dependency on target 'ReactCommon' in project 'Pods'
    Target 'React-RCTFabric' in project 'Pods'
        ➜ Explicit dependency on target 'RCT-Folly' in project 'Pods'
        ➜ Explicit dependency on target 'React-Core' in project 'Pods'
        ➜ Explicit dependency on target 'React-Fabric' in project 'Pods'
        ➜ Explicit dependency on target 'React-FabricImage' in project 'Pods'
        ➜ Explicit dependency on target 'React-ImageManager' in project 'Pods'
        ➜ Explicit dependency on target 'React-RCTImage' in project 'Pods'
        ➜ Explicit dependency on target 'React-RCTText' in project 'Pods'
        ➜ Explicit dependency on target 'React-debug' in project 'Pods'
        ➜ Explicit dependency on target 'React-graphics' in project 'Pods'
        ➜ Explicit dependency on target 'React-jsi' in project 'Pods'
        ➜ Explicit dependency on target 'React-nativeconfig' in project 'Pods'
        ➜ Explicit dependency on target 'React-rendererdebug' in project 'Pods'
        ➜ Explicit dependency on target 'React-runtimescheduler' in project 'Pods'
        ➜ Explicit dependency on target 'React-utils' in project 'Pods'
        ➜ Explicit dependency on target 'Yoga' in project 'Pods'
        ➜ Explicit dependency on target 'glog' in project 'Pods'
        ➜ Explicit dependency on target 'hermes-engine' in project 'Pods'
    Target 'React-nativeconfig' in project 'Pods' (no dependencies)
    Target 'React-Mapbuffer' in project 'Pods'
        ➜ Explicit dependency on target 'React-debug' in project 'Pods'
        ➜ Explicit dependency on target 'glog' in project 'Pods'
    Target 'React-FabricImage' in project 'Pods'
        ➜ Explicit dependency on target 'DoubleConversion' in project 'Pods'
        ➜ Explicit dependency on target 'RCT-Folly' in project 'Pods'
        ➜ Explicit dependency on target 'RCTRequired' in project 'Pods'
        ➜ Explicit dependency on target 'RCTTypeSafety' in project 'Pods'
        ➜ Explicit dependency on target 'React-Fabric' in project 'Pods'
        ➜ Explicit dependency on target 'React-ImageManager' in project 'Pods'
        ➜ Explicit dependency on target 'React-graphics' in project 'Pods'
        ➜ Explicit dependency on target 'React-jsi' in project 'Pods'
        ➜ Explicit dependency on target 'React-jsiexecutor' in project 'Pods'
        ➜ Explicit dependency on target 'React-logger' in project 'Pods'
        ➜ Explicit dependency on target 'React-rendererdebug' in project 'Pods'
        ➜ Explicit dependency on target 'React-utils' in project 'Pods'
        ➜ Explicit dependency on target 'ReactCommon' in project 'Pods'
        ➜ Explicit dependency on target 'Yoga' in project 'Pods'
        ➜ Explicit dependency on target 'fmt' in project 'Pods'
        ➜ Explicit dependency on target 'glog' in project 'Pods'
        ➜ Explicit dependency on target 'hermes-engine' in project 'Pods'
    Target 'React-ImageManager' in project 'Pods'
        ➜ Explicit dependency on target 'RCT-Folly' in project 'Pods'
        ➜ Explicit dependency on target 'React-Core' in project 'Pods'
        ➜ Explicit dependency on target 'React-Fabric' in project 'Pods'
        ➜ Explicit dependency on target 'React-debug' in project 'Pods'
        ➜ Explicit dependency on target 'React-graphics' in project 'Pods'
        ➜ Explicit dependency on target 'React-rendererdebug' in project 'Pods'
        ➜ Explicit dependency on target 'React-utils' in project 'Pods'
        ➜ Explicit dependency on target 'glog' in project 'Pods'
    Target 'React-Fabric' in project 'Pods'
        ➜ Explicit dependency on target 'DoubleConversion' in project 'Pods'
        ➜ Explicit dependency on target 'RCT-Folly' in project 'Pods'
        ➜ Explicit dependency on target 'RCTRequired' in project 'Pods'
        ➜ Explicit dependency on target 'RCTTypeSafety' in project 'Pods'
        ➜ Explicit dependency on target 'React-Core' in project 'Pods'
        ➜ Explicit dependency on target 'React-cxxreact' in project 'Pods'
        ➜ Explicit dependency on target 'React-debug' in project 'Pods'
        ➜ Explicit dependency on target 'React-graphics' in project 'Pods'
        ➜ Explicit dependency on target 'React-jsi' in project 'Pods'
        ➜ Explicit dependency on target 'React-jsiexecutor' in project 'Pods'
        ➜ Explicit dependency on target 'React-logger' in project 'Pods'
        ➜ Explicit dependency on target 'React-rendererdebug' in project 'Pods'
        ➜ Explicit dependency on target 'React-runtimescheduler' in project 'Pods'
        ➜ Explicit dependency on target 'React-utils' in project 'Pods'
        ➜ Explicit dependency on target 'ReactCommon' in project 'Pods'
        ➜ Explicit dependency on target 'Yoga' in project 'Pods'
        ➜ Explicit dependency on target 'fmt' in project 'Pods'
        ➜ Explicit dependency on target 'glog' in project 'Pods'
        ➜ Explicit dependency on target 'hermes-engine' in project 'Pods'
    Target 'React-graphics' in project 'Pods'
        ➜ Explicit dependency on target 'RCT-Folly' in project 'Pods'
        ➜ Explicit dependency on target 'React-Core' in project 'Pods'
        ➜ Explicit dependency on target 'React-utils' in project 'Pods'
        ➜ Explicit dependency on target 'glog' in project 'Pods'
    Target 'React-CoreModules' in project 'Pods'
        ➜ Explicit dependency on target 'RCT-Folly' in project 'Pods'
        ➜ Explicit dependency on target 'RCTTypeSafety' in project 'Pods'
        ➜ Explicit dependency on target 'React-Codegen' in project 'Pods'
        ➜ Explicit dependency on target 'React-Core' in project 'Pods'
        ➜ Explicit dependency on target 'React-NativeModulesApple' in project 'Pods'
        ➜ Explicit dependency on target 'React-RCTBlob' in project 'Pods'
        ➜ Explicit dependency on target 'React-RCTImage' in project 'Pods'
        ➜ Explicit dependency on target 'React-jsi' in project 'Pods'
        ➜ Explicit dependency on target 'ReactCommon' in project 'Pods'
        ➜ Explicit dependency on target 'SocketRocket' in project 'Pods'
    Target 'React' in project 'Pods'
        ➜ Explicit dependency on target 'React-Core' in project 'Pods'
        ➜ Explicit dependency on target 'React-RCTActionSheet' in project 'Pods'
        ➜ Explicit dependency on target 'React-RCTAnimation' in project 'Pods'
        ➜ Explicit dependency on target 'React-RCTBlob' in project 'Pods'
        ➜ Explicit dependency on target 'React-RCTImage' in project 'Pods'
        ➜ Explicit dependency on target 'React-RCTLinking' in project 'Pods'
        ➜ Explicit dependency on target 'React-RCTNetwork' in project 'Pods'
        ➜ Explicit dependency on target 'React-RCTSettings' in project 'Pods'
        ➜ Explicit dependency on target 'React-RCTText' in project 'Pods'
        ➜ Explicit dependency on target 'React-RCTVibration' in project 'Pods'
    Target 'React-RCTVibration' in project 'Pods'
        ➜ Explicit dependency on target 'RCT-Folly' in project 'Pods'
        ➜ Explicit dependency on target 'React-Codegen' in project 'Pods'
        ➜ Explicit dependency on target 'React-Core' in project 'Pods'
        ➜ Explicit dependency on target 'React-NativeModulesApple' in project 'Pods'
        ➜ Explicit dependency on target 'React-jsi' in project 'Pods'
        ➜ Explicit dependency on target 'ReactCommon' in project 'Pods'
    Target 'React-RCTText' in project 'Pods'
        ➜ Explicit dependency on target 'React-Core' in project 'Pods'
        ➜ Explicit dependency on target 'Yoga' in project 'Pods'
    Target 'React-RCTSettings' in project 'Pods'
        ➜ Explicit dependency on target 'RCT-Folly' in project 'Pods'
        ➜ Explicit dependency on target 'RCTTypeSafety' in project 'Pods'
        ➜ Explicit dependency on target 'React-Codegen' in project 'Pods'
        ➜ Explicit dependency on target 'React-Core' in project 'Pods'
        ➜ Explicit dependency on target 'React-NativeModulesApple' in project 'Pods'
        ➜ Explicit dependency on target 'React-jsi' in project 'Pods'
        ➜ Explicit dependency on target 'ReactCommon' in project 'Pods'
    Target 'React-RCTLinking' in project 'Pods'
        ➜ Explicit dependency on target 'React-Codegen' in project 'Pods'
        ➜ Explicit dependency on target 'React-Core' in project 'Pods'
        ➜ Explicit dependency on target 'React-NativeModulesApple' in project 'Pods'
        ➜ Explicit dependency on target 'React-jsi' in project 'Pods'
        ➜ Explicit dependency on target 'ReactCommon' in project 'Pods'
    Target 'React-RCTBlob' in project 'Pods'
        ➜ Explicit dependency on target 'RCT-Folly' in project 'Pods'
        ➜ Explicit dependency on target 'React-Codegen' in project 'Pods'
        ➜ Explicit dependency on target 'React-Core' in project 'Pods'
        ➜ Explicit dependency on target 'React-NativeModulesApple' in project 'Pods'
        ➜ Explicit dependency on target 'React-RCTNetwork' in project 'Pods'
        ➜ Explicit dependency on target 'React-jsi' in project 'Pods'
        ➜ Explicit dependency on target 'ReactCommon' in project 'Pods'
        ➜ Explicit dependency on target 'hermes-engine' in project 'Pods'
    Target 'React-RCTAnimation' in project 'Pods'
        ➜ Explicit dependency on target 'RCT-Folly' in project 'Pods'
        ➜ Explicit dependency on target 'RCTTypeSafety' in project 'Pods'
        ➜ Explicit dependency on target 'React-Codegen' in project 'Pods'
        ➜ Explicit dependency on target 'React-Core' in project 'Pods'
        ➜ Explicit dependency on target 'React-NativeModulesApple' in project 'Pods'
        ➜ Explicit dependency on target 'React-jsi' in project 'Pods'
        ➜ Explicit dependency on target 'ReactCommon' in project 'Pods'
    Target 'React-RCTActionSheet' in project 'Pods'
        ➜ Explicit dependency on target 'React-Core' in project 'Pods'
    Target 'RNVectorIcons' in project 'Pods'
        ➜ Explicit dependency on target 'RCT-Folly' in project 'Pods'
        ➜ Explicit dependency on target 'React-Core' in project 'Pods'
        ➜ Explicit dependency on target 'glog' in project 'Pods'
    Target 'RNShare' in project 'Pods'
        ➜ Explicit dependency on target 'React-Core' in project 'Pods'
    Target 'RNScreens' in project 'Pods'
        ➜ Explicit dependency on target 'RCT-Folly' in project 'Pods'
        ➜ Explicit dependency on target 'React-Core' in project 'Pods'
        ➜ Explicit dependency on target 'React-RCTImage' in project 'Pods'
        ➜ Explicit dependency on target 'glog' in project 'Pods'
    Target 'React-RCTImage' in project 'Pods'
        ➜ Explicit dependency on target 'RCT-Folly' in project 'Pods'
        ➜ Explicit dependency on target 'RCTTypeSafety' in project 'Pods'
        ➜ Explicit dependency on target 'React-Codegen' in project 'Pods'
        ➜ Explicit dependency on target 'React-Core' in project 'Pods'
        ➜ Explicit dependency on target 'React-NativeModulesApple' in project 'Pods'
        ➜ Explicit dependency on target 'React-RCTNetwork' in project 'Pods'
        ➜ Explicit dependency on target 'React-jsi' in project 'Pods'
        ➜ Explicit dependency on target 'ReactCommon' in project 'Pods'
    Target 'React-RCTNetwork' in project 'Pods'
        ➜ Explicit dependency on target 'RCT-Folly' in project 'Pods'
        ➜ Explicit dependency on target 'RCTTypeSafety' in project 'Pods'
        ➜ Explicit dependency on target 'React-Codegen' in project 'Pods'
        ➜ Explicit dependency on target 'React-Core' in project 'Pods'
        ➜ Explicit dependency on target 'React-NativeModulesApple' in project 'Pods'
        ➜ Explicit dependency on target 'React-jsi' in project 'Pods'
        ➜ Explicit dependency on target 'ReactCommon' in project 'Pods'
    Target 'React-Codegen' in project 'Pods'
        ➜ Explicit dependency on target 'DoubleConversion' in project 'Pods'
        ➜ Explicit dependency on target 'FBReactNativeSpec' in project 'Pods'
        ➜ Explicit dependency on target 'RCT-Folly' in project 'Pods'
        ➜ Explicit dependency on target 'RCTRequired' in project 'Pods'
        ➜ Explicit dependency on target 'RCTTypeSafety' in project 'Pods'
        ➜ Explicit dependency on target 'React-Core' in project 'Pods'
        ➜ Explicit dependency on target 'React-NativeModulesApple' in project 'Pods'
        ➜ Explicit dependency on target 'React-jsi' in project 'Pods'
        ➜ Explicit dependency on target 'React-jsiexecutor' in project 'Pods'
        ➜ Explicit dependency on target 'React-rncore' in project 'Pods'
        ➜ Explicit dependency on target 'ReactCommon' in project 'Pods'
        ➜ Explicit dependency on target 'glog' in project 'Pods'
        ➜ Explicit dependency on target 'hermes-engine' in project 'Pods'
    Target 'React-rncore' in project 'Pods' (no dependencies)
    Target 'React-NativeModulesApple' in project 'Pods'
        ➜ Explicit dependency on target 'React-Core' in project 'Pods'
        ➜ Explicit dependency on target 'React-callinvoker' in project 'Pods'
        ➜ Explicit dependency on target 'React-cxxreact' in project 'Pods'
        ➜ Explicit dependency on target 'React-jsi' in project 'Pods'
        ➜ Explicit dependency on target 'React-runtimeexecutor' in project 'Pods'
        ➜ Explicit dependency on target 'ReactCommon' in project 'Pods'
        ➜ Explicit dependency on target 'glog' in project 'Pods'
        ➜ Explicit dependency on target 'hermes-engine' in project 'Pods'
    Target 'RNReanimated' in project 'Pods'
        ➜ Explicit dependency on target 'RCT-Folly' in project 'Pods'
        ➜ Explicit dependency on target 'React-Core' in project 'Pods'
        ➜ Explicit dependency on target 'ReactCommon' in project 'Pods'
        ➜ Explicit dependency on target 'glog' in project 'Pods'
    Target 'RNPermissions' in project 'Pods'
        ➜ Explicit dependency on target 'React-Core' in project 'Pods'
    Target 'RNNotifee' in project 'Pods'
        ➜ Explicit dependency on target 'React-Core' in project 'Pods'
    Target 'RNGoogleSignin' in project 'Pods'
        ➜ Explicit dependency on target 'GoogleSignIn' in project 'Pods'
        ➜ Explicit dependency on target 'React-Core' in project 'Pods'
    Target 'RNGestureHandler' in project 'Pods'
        ➜ Explicit dependency on target 'RCT-Folly' in project 'Pods'
        ➜ Explicit dependency on target 'React-Core' in project 'Pods'
        ➜ Explicit dependency on target 'glog' in project 'Pods'
    Target 'RNFS' in project 'Pods'
        ➜ Explicit dependency on target 'React-Core' in project 'Pods'
    Target 'RNFBMessaging' in project 'Pods'
        ➜ Explicit dependency on target 'Firebase' in project 'Pods'
        ➜ Explicit dependency on target 'FirebaseCoreExtension' in project 'Pods'
        ➜ Explicit dependency on target 'RNFBApp' in project 'Pods'
        ➜ Explicit dependency on target 'React-Core' in project 'Pods'
    Target 'RNFBDatabase' in project 'Pods'
        ➜ Explicit dependency on target 'Firebase' in project 'Pods'
        ➜ Explicit dependency on target 'RNFBApp' in project 'Pods'
        ➜ Explicit dependency on target 'React-Core' in project 'Pods'
    Target 'RNFBAuth' in project 'Pods'
        ➜ Explicit dependency on target 'Firebase' in project 'Pods'
        ➜ Explicit dependency on target 'RNFBApp' in project 'Pods'
        ➜ Explicit dependency on target 'React-Core' in project 'Pods'
    Target 'RNFBApp' in project 'Pods'
        ➜ Explicit dependency on target 'Firebase' in project 'Pods'
        ➜ Explicit dependency on target 'React-Core' in project 'Pods'
    Target 'RNCAsyncStorage' in project 'Pods'
        ➜ Explicit dependency on target 'RNCAsyncStorage-RNCAsyncStorage_resources' in project 'Pods'
        ➜ Explicit dependency on target 'React-Core' in project 'Pods'
    Target 'RNCAsyncStorage-RNCAsyncStorage_resources' in project 'Pods' (no dependencies)
    Target 'GoogleSignIn' in project 'Pods'
        ➜ Explicit dependency on target 'AppAuth' in project 'Pods'
        ➜ Explicit dependency on target 'GTMAppAuth' in project 'Pods'
        ➜ Explicit dependency on target 'GTMSessionFetcher' in project 'Pods'
        ➜ Explicit dependency on target 'GoogleSignIn-GoogleSignIn' in project 'Pods'
    Target 'GoogleSignIn-GoogleSignIn' in project 'Pods' (no dependencies)
    Target 'GTMAppAuth' in project 'Pods'
        ➜ Explicit dependency on target 'AppAuth' in project 'Pods'
        ➜ Explicit dependency on target 'GTMAppAuth-GTMAppAuth_Privacy' in project 'Pods'
        ➜ Explicit dependency on target 'GTMSessionFetcher' in project 'Pods'
    Target 'GTMAppAuth-GTMAppAuth_Privacy' in project 'Pods' (no dependencies)
    Target 'FirebaseCoreExtension' in project 'Pods'
        ➜ Explicit dependency on target 'FirebaseCore' in project 'Pods'
        ➜ Explicit dependency on target 'FirebaseCoreExtension-FirebaseCoreExtension_Privacy' in project 'Pods'
    Target 'FirebaseCoreExtension-FirebaseCoreExtension_Privacy' in project 'Pods' (no dependencies)
    Target 'Firebase' in project 'Pods'
        ➜ Explicit dependency on target 'FirebaseAuth' in project 'Pods'
        ➜ Explicit dependency on target 'FirebaseCore' in project 'Pods'
        ➜ Explicit dependency on target 'FirebaseDatabase' in project 'Pods'
        ➜ Explicit dependency on target 'FirebaseMessaging' in project 'Pods'
    Target 'FirebaseMessaging' in project 'Pods'
        ➜ Explicit dependency on target 'FirebaseCore' in project 'Pods'
        ➜ Explicit dependency on target 'FirebaseInstallations' in project 'Pods'
        ➜ Explicit dependency on target 'FirebaseMessaging-FirebaseMessaging_Privacy' in project 'Pods'
        ➜ Explicit dependency on target 'GoogleDataTransport' in project 'Pods'
        ➜ Explicit dependency on target 'GoogleUtilities' in project 'Pods'
        ➜ Explicit dependency on target 'nanopb' in project 'Pods'
    Target 'GoogleDataTransport' in project 'Pods'
        ➜ Explicit dependency on target 'GoogleDataTransport-GoogleDataTransport_Privacy' in project 'Pods'
        ➜ Explicit dependency on target 'GoogleUtilities' in project 'Pods'
        ➜ Explicit dependency on target 'PromisesObjC' in project 'Pods'
        ➜ Explicit dependency on target 'nanopb' in project 'Pods'
    Target 'nanopb' in project 'Pods'
        ➜ Explicit dependency on target 'nanopb-nanopb_Privacy' in project 'Pods'
    Target 'nanopb-nanopb_Privacy' in project 'Pods' (no dependencies)
    Target 'GoogleDataTransport-GoogleDataTransport_Privacy' in project 'Pods' (no dependencies)
    Target 'FirebaseMessaging-FirebaseMessaging_Privacy' in project 'Pods' (no dependencies)
    Target 'FirebaseInstallations' in project 'Pods'
        ➜ Explicit dependency on target 'FirebaseCore' in project 'Pods'
        ➜ Explicit dependency on target 'FirebaseInstallations-FirebaseInstallations_Privacy' in project 'Pods'
        ➜ Explicit dependency on target 'GoogleUtilities' in project 'Pods'
        ➜ Explicit dependency on target 'PromisesObjC' in project 'Pods'
    Target 'FirebaseInstallations-FirebaseInstallations_Privacy' in project 'Pods' (no dependencies)
    Target 'FirebaseDatabase' in project 'Pods'
        ➜ Explicit dependency on target 'FirebaseAppCheckInterop' in project 'Pods'
        ➜ Explicit dependency on target 'FirebaseCore' in project 'Pods'
        ➜ Explicit dependency on target 'FirebaseSharedSwift' in project 'Pods'
        ➜ Explicit dependency on target 'GoogleUtilities' in project 'Pods'
        ➜ Explicit dependency on target 'leveldb-library' in project 'Pods'
    Target 'leveldb-library' in project 'Pods'
        ➜ Explicit dependency on target 'leveldb-library-leveldb_Privacy' in project 'Pods'
    Target 'leveldb-library-leveldb_Privacy' in project 'Pods' (no dependencies)
    Target 'FirebaseSharedSwift' in project 'Pods' (no dependencies)
    Target 'FirebaseAuth' in project 'Pods'
        ➜ Explicit dependency on target 'FirebaseAppCheckInterop' in project 'Pods'
        ➜ Explicit dependency on target 'FirebaseAuth-FirebaseAuth_Privacy' in project 'Pods'
        ➜ Explicit dependency on target 'FirebaseCore' in project 'Pods'
        ➜ Explicit dependency on target 'GTMSessionFetcher' in project 'Pods'
        ➜ Explicit dependency on target 'GoogleUtilities' in project 'Pods'
        ➜ Explicit dependency on target 'RecaptchaInterop' in project 'Pods'
    Target 'RecaptchaInterop' in project 'Pods' (no dependencies)
    Target 'GTMSessionFetcher' in project 'Pods'
        ➜ Explicit dependency on target 'GTMSessionFetcher-GTMSessionFetcher_Core_Privacy' in project 'Pods'
    Target 'GTMSessionFetcher-GTMSessionFetcher_Core_Privacy' in project 'Pods' (no dependencies)
    Target 'FirebaseCore' in project 'Pods'
        ➜ Explicit dependency on target 'FirebaseCore-FirebaseCore_Privacy' in project 'Pods'
        ➜ Explicit dependency on target 'FirebaseCoreInternal' in project 'Pods'
        ➜ Explicit dependency on target 'GoogleUtilities' in project 'Pods'
    Target 'FirebaseCoreInternal' in project 'Pods'
        ➜ Explicit dependency on target 'FirebaseCoreInternal-FirebaseCoreInternal_Privacy' in project 'Pods'
        ➜ Explicit dependency on target 'GoogleUtilities' in project 'Pods'
    Target 'GoogleUtilities' in project 'Pods'
        ➜ Explicit dependency on target 'GoogleUtilities-GoogleUtilities_Privacy' in project 'Pods'
        ➜ Explicit dependency on target 'PromisesObjC' in project 'Pods'
    Target 'PromisesObjC' in project 'Pods'
        ➜ Explicit dependency on target 'PromisesObjC-FBLPromises_Privacy' in project 'Pods'
    Target 'PromisesObjC-FBLPromises_Privacy' in project 'Pods' (no dependencies)
    Target 'GoogleUtilities-GoogleUtilities_Privacy' in project 'Pods' (no dependencies)
    Target 'FirebaseCoreInternal-FirebaseCoreInternal_Privacy' in project 'Pods' (no dependencies)
    Target 'FirebaseCore-FirebaseCore_Privacy' in project 'Pods' (no dependencies)
    Target 'FirebaseAuth-FirebaseAuth_Privacy' in project 'Pods' (no dependencies)
    Target 'FirebaseAppCheckInterop' in project 'Pods' (no dependencies)
    Target 'FBReactNativeSpec' in project 'Pods'
        ➜ Explicit dependency on target 'RCT-Folly' in project 'Pods'
        ➜ Explicit dependency on target 'RCTRequired' in project 'Pods'
        ➜ Explicit dependency on target 'RCTTypeSafety' in project 'Pods'
        ➜ Explicit dependency on target 'React-Core' in project 'Pods'
        ➜ Explicit dependency on target 'React-jsi' in project 'Pods'
        ➜ Explicit dependency on target 'ReactCommon' in project 'Pods'
    Target 'ReactCommon' in project 'Pods'
        ➜ Explicit dependency on target 'DoubleConversion' in project 'Pods'
        ➜ Explicit dependency on target 'RCT-Folly' in project 'Pods'
        ➜ Explicit dependency on target 'React-callinvoker' in project 'Pods'
        ➜ Explicit dependency on target 'React-cxxreact' in project 'Pods'
        ➜ Explicit dependency on target 'React-jsi' in project 'Pods'
        ➜ Explicit dependency on target 'React-logger' in project 'Pods'
        ➜ Explicit dependency on target 'React-perflogger' in project 'Pods'
        ➜ Explicit dependency on target 'fmt' in project 'Pods'
        ➜ Explicit dependency on target 'glog' in project 'Pods'
        ➜ Explicit dependency on target 'hermes-engine' in project 'Pods'
    Target 'RCTTypeSafety' in project 'Pods'
        ➜ Explicit dependency on target 'FBLazyVector' in project 'Pods'
        ➜ Explicit dependency on target 'RCTRequired' in project 'Pods'
        ➜ Explicit dependency on target 'React-Core' in project 'Pods'
    Target 'RCTRequired' in project 'Pods' (no dependencies)
    Target 'FBLazyVector' in project 'Pods' (no dependencies)
    Target 'BVLinearGradient' in project 'Pods'
        ➜ Explicit dependency on target 'React-Core' in project 'Pods'
    Target 'React-Core' in project 'Pods'
        ➜ Explicit dependency on target 'RCT-Folly' in project 'Pods'
        ➜ Explicit dependency on target 'React-Core-RCTI18nStrings' in project 'Pods'
        ➜ Explicit dependency on target 'React-cxxreact' in project 'Pods'
        ➜ Explicit dependency on target 'React-hermes' in project 'Pods'
        ➜ Explicit dependency on target 'React-jsi' in project 'Pods'
        ➜ Explicit dependency on target 'React-jsiexecutor' in project 'Pods'
        ➜ Explicit dependency on target 'React-jsinspector' in project 'Pods'
        ➜ Explicit dependency on target 'React-perflogger' in project 'Pods'
        ➜ Explicit dependency on target 'React-runtimescheduler' in project 'Pods'
        ➜ Explicit dependency on target 'React-utils' in project 'Pods'
        ➜ Explicit dependency on target 'SocketRocket' in project 'Pods'
        ➜ Explicit dependency on target 'Yoga' in project 'Pods'
        ➜ Explicit dependency on target 'glog' in project 'Pods'
        ➜ Explicit dependency on target 'hermes-engine' in project 'Pods'
    Target 'Yoga' in project 'Pods' (no dependencies)
    Target 'SocketRocket' in project 'Pods' (no dependencies)
    Target 'React-runtimescheduler' in project 'Pods'
        ➜ Explicit dependency on target 'RCT-Folly' in project 'Pods'
        ➜ Explicit dependency on target 'React-callinvoker' in project 'Pods'
        ➜ Explicit dependency on target 'React-cxxreact' in project 'Pods'
        ➜ Explicit dependency on target 'React-debug' in project 'Pods'
        ➜ Explicit dependency on target 'React-jsi' in project 'Pods'
        ➜ Explicit dependency on target 'React-rendererdebug' in project 'Pods'
        ➜ Explicit dependency on target 'React-runtimeexecutor' in project 'Pods'
        ➜ Explicit dependency on target 'React-utils' in project 'Pods'
        ➜ Explicit dependency on target 'glog' in project 'Pods'
        ➜ Explicit dependency on target 'hermes-engine' in project 'Pods'
    Target 'React-utils' in project 'Pods'
        ➜ Explicit dependency on target 'RCT-Folly' in project 'Pods'
        ➜ Explicit dependency on target 'React-debug' in project 'Pods'
        ➜ Explicit dependency on target 'glog' in project 'Pods'
    Target 'React-rendererdebug' in project 'Pods'
        ➜ Explicit dependency on target 'DoubleConversion' in project 'Pods'
        ➜ Explicit dependency on target 'RCT-Folly' in project 'Pods'
        ➜ Explicit dependency on target 'React-debug' in project 'Pods'
        ➜ Explicit dependency on target 'fmt' in project 'Pods'
    Target 'React-hermes' in project 'Pods'
        ➜ Explicit dependency on target 'DoubleConversion' in project 'Pods'
        ➜ Explicit dependency on target 'RCT-Folly' in project 'Pods'
        ➜ Explicit dependency on target 'React-cxxreact' in project 'Pods'
        ➜ Explicit dependency on target 'React-jsi' in project 'Pods'
        ➜ Explicit dependency on target 'React-jsiexecutor' in project 'Pods'
        ➜ Explicit dependency on target 'React-jsinspector' in project 'Pods'
        ➜ Explicit dependency on target 'React-perflogger' in project 'Pods'
        ➜ Explicit dependency on target 'fmt' in project 'Pods'
        ➜ Explicit dependency on target 'glog' in project 'Pods'
        ➜ Explicit dependency on target 'hermes-engine' in project 'Pods'
    Target 'React-jsiexecutor' in project 'Pods'
        ➜ Explicit dependency on target 'DoubleConversion' in project 'Pods'
        ➜ Explicit dependency on target 'RCT-Folly' in project 'Pods'
        ➜ Explicit dependency on target 'React-cxxreact' in project 'Pods'
        ➜ Explicit dependency on target 'React-jsi' in project 'Pods'
        ➜ Explicit dependency on target 'React-perflogger' in project 'Pods'
        ➜ Explicit dependency on target 'fmt' in project 'Pods'
        ➜ Explicit dependency on target 'glog' in project 'Pods'
        ➜ Explicit dependency on target 'hermes-engine' in project 'Pods'
    Target 'React-cxxreact' in project 'Pods'
        ➜ Explicit dependency on target 'DoubleConversion' in project 'Pods'
        ➜ Explicit dependency on target 'RCT-Folly' in project 'Pods'
        ➜ Explicit dependency on target 'React-callinvoker' in project 'Pods'
        ➜ Explicit dependency on target 'React-debug' in project 'Pods'
        ➜ Explicit dependency on target 'React-jsi' in project 'Pods'
        ➜ Explicit dependency on target 'React-jsinspector' in project 'Pods'
        ➜ Explicit dependency on target 'React-logger' in project 'Pods'
        ➜ Explicit dependency on target 'React-perflogger' in project 'Pods'
        ➜ Explicit dependency on target 'React-runtimeexecutor' in project 'Pods'
        ➜ Explicit dependency on target 'boost' in project 'Pods'
        ➜ Explicit dependency on target 'fmt' in project 'Pods'
        ➜ Explicit dependency on target 'glog' in project 'Pods'
        ➜ Explicit dependency on target 'hermes-engine' in project 'Pods'
    Target 'React-runtimeexecutor' in project 'Pods'
        ➜ Explicit dependency on target 'React-jsi' in project 'Pods'
    Target 'React-perflogger' in project 'Pods' (no dependencies)
    Target 'React-logger' in project 'Pods'
        ➜ Explicit dependency on target 'glog' in project 'Pods'
    Target 'React-jsinspector' in project 'Pods' (no dependencies)
    Target 'React-jsi' in project 'Pods'
        ➜ Explicit dependency on target 'DoubleConversion' in project 'Pods'
        ➜ Explicit dependency on target 'RCT-Folly' in project 'Pods'
        ➜ Explicit dependency on target 'boost' in project 'Pods'
        ➜ Explicit dependency on target 'fmt' in project 'Pods'
        ➜ Explicit dependency on target 'glog' in project 'Pods'
        ➜ Explicit dependency on target 'hermes-engine' in project 'Pods'
    Target 'hermes-engine' in project 'Pods' (no dependencies)
    Target 'React-debug' in project 'Pods' (no dependencies)
    Target 'React-callinvoker' in project 'Pods' (no dependencies)
    Target 'React-Core-RCTI18nStrings' in project 'Pods' (no dependencies)
    Target 'RCT-Folly' in project 'Pods'
        ➜ Explicit dependency on target 'DoubleConversion' in project 'Pods'
        ➜ Explicit dependency on target 'boost' in project 'Pods'
        ➜ Explicit dependency on target 'fmt' in project 'Pods'
        ➜ Explicit dependency on target 'glog' in project 'Pods'
        ➜ Explicit dependency on target 'libevent' in project 'Pods'
    Target 'libevent' in project 'Pods' (no dependencies)
    Target 'glog' in project 'Pods' (no dependencies)
    Target 'fmt' in project 'Pods' (no dependencies)
    Target 'boost' in project 'Pods' (no dependencies)
    Target 'DoubleConversion' in project 'Pods' (no dependencies)
    Target 'AppAuth' in project 'Pods'
        ➜ Explicit dependency on target 'AppAuth-AppAuthCore_Privacy' in project 'Pods'
    Target 'AppAuth-AppAuthCore_Privacy' in project 'Pods' (no dependencies)

GatherProvisioningInputs

CreateBuildDescription

ExecuteExternalTool /Applications/Xcode.app/Contents/Developer/Toolchains/XcodeDefault.xctoolchain/usr/bin/clang -v -E -dM -isysroot /Applications/Xcode.app/Contents/Developer/Platforms/iPhoneSimulator.platform/Developer/SDKs/iPhoneSimulator26.0.sdk -x c -c /dev/null

ExecuteExternalTool /Applications/Xcode.app/Contents/Developer/Toolchains/XcodeDefault.xctoolchain/usr/bin/clang -v -E -dM -arch arm64 -isysroot /Applications/Xcode.app/Contents/Developer/Platforms/iPhoneSimulator.platform/Developer/SDKs/iPhoneSimulator26.0.sdk -x c -c /dev/null

ExecuteExternalTool /Applications/Xcode.app/Contents/Developer/Toolchains/XcodeDefault.xctoolchain/usr/bin/clang -v -E -dM -arch arm64 -isysroot /Applications/Xcode.app/Contents/Developer/Platforms/iPhoneSimulator.platform/Developer/SDKs/iPhoneSimulator26.0.sdk -x objective-c -c /dev/null

ExecuteExternalTool /Applications/Xcode.app/Contents/Developer/Toolchains/XcodeDefault.xctoolchain/usr/bin/clang -v -E -dM -arch arm64 -isysroot /Applications/Xcode.app/Contents/Developer/Platforms/iPhoneSimulator.platform/Developer/SDKs/iPhoneSimulator26.0.sdk -x c++ -c /dev/null

ExecuteExternalTool /Applications/Xcode.app/Contents/Developer/Toolchains/XcodeDefault.xctoolchain/usr/bin/libtool -V

ExecuteExternalTool /Applications/Xcode.app/Contents/Developer/Toolchains/XcodeDefault.xctoolchain/usr/bin/clang -v -E -dM -arch arm64 -isysroot /Applications/Xcode.app/Contents/Developer/Platforms/iPhoneSimulator.platform/Developer/SDKs/iPhoneSimulator26.0.sdk -x objective-c++ -c /dev/null

ExecuteExternalTool /Applications/Xcode.app/Contents/Developer/Toolchains/XcodeDefault.xctoolchain/usr/bin/swiftc --version

ExecuteExternalTool /Applications/Xcode.app/Contents/Developer/usr/bin/ibtool --version --output-format xml1

ExecuteExternalTool /Applications/Xcode.app/Contents/Developer/usr/bin/actool --print-asset-tag-combinations --output-format xml1 /Users/user/FinalMobDev/PokeExplorer/ios/PokeExplorer/Images.xcassets

ExecuteExternalTool /Applications/Xcode.app/Contents/Developer/Toolchains/XcodeDefault.xctoolchain/usr/bin/clang -v -E -dM -arch arm64 -isysroot /Applications/Xcode.app/Contents/Developer/Platforms/iPhoneSimulator.platform/Developer/SDKs/iPhoneSimulator26.0.sdk -x assembler-with-cpp -c /dev/null

ExecuteExternalTool /Applications/Xcode.app/Contents/Developer/usr/bin/actool --version --output-format xml1

ExecuteExternalTool /Applications/Xcode.app/Contents/Developer/Toolchains/XcodeDefault.xctoolchain/usr/bin/ld -version_details

Build description signature: db02360158eb1d63714d6d3aa061c166
Build description path: /Users/user/Library/Developer/Xcode/DerivedData/PokeExplorer-hdwvjqfjukytidfpcmkehvkqrgny/Build/Intermediates.noindex/XCBuildData/db02360158eb1d63714d6d3aa061c166.xcbuilddata
ClangStatCache /Applications/Xcode.app/Contents/Developer/Toolchains/XcodeDefault.xctoolchain/usr/bin/clang-stat-cache /Applications/Xcode.app/Contents/Developer/Platforms/iPhoneSimulator.platform/Developer/SDKs/iPhoneSimulator26.0.sdk /Users/user/Library/Developer/Xcode/DerivedData/SDKStatCaches.noindex/iphonesimulator26.0-23A339-26257891a6c027eb51374368541b8346.sdkstatcache
    cd /Users/user/FinalMobDev/PokeExplorer/ios
    /Applications/Xcode.app/Contents/Developer/Toolchains/XcodeDefault.xctoolchain/usr/bin/clang-stat-cache /Applications/Xcode.app/Contents/Developer/Platforms/iPhoneSimulator.platform/Developer/SDKs/iPhoneSimulator26.0.sdk -o /Users/user/Library/Developer/Xcode/DerivedData/SDKStatCaches.noindex/iphonesimulator26.0-23A339-26257891a6c027eb51374368541b8346.sdkstatcache

CreateBuildDirectory /Users/user/Library/Developer/Xcode/DerivedData/PokeExplorer-hdwvjqfjukytidfpcmkehvkqrgny/Build/Intermediates.noindex
    cd /Users/user/FinalMobDev/PokeExplorer/ios
    builtin-create-build-directory /Users/user/Library/Developer/Xcode/DerivedData/PokeExplorer-hdwvjqfjukytidfpcmkehvkqrgny/Build/Intermediates.noindex

CreateBuildDirectory /Users/user/Library/Developer/Xcode/DerivedData/PokeExplorer-hdwvjqfjukytidfpcmkehvkqrgny/Build/Products
    cd /Users/user/FinalMobDev/PokeExplorer/ios
    builtin-create-build-directory /Users/user/Library/Developer/Xcode/DerivedData/PokeExplorer-hdwvjqfjukytidfpcmkehvkqrgny/Build/Products

CreateBuildDirectory /Users/user/Library/Developer/Xcode/DerivedData/PokeExplorer-hdwvjqfjukytidfpcmkehvkqrgny/Build/Products/Debug-iphonesimulator
    cd /Users/user/FinalMobDev/PokeExplorer/ios
    builtin-create-build-directory /Users/user/Library/Developer/Xcode/DerivedData/PokeExplorer-hdwvjqfjukytidfpcmkehvkqrgny/Build/Products/Debug-iphonesimulator

CreateBuildDirectory /Users/user/Library/Developer/Xcode/DerivedData/PokeExplorer-hdwvjqfjukytidfpcmkehvkqrgny/Build/Intermediates.noindex/SwiftExplicitPrecompiledModules
    cd /Users/user/FinalMobDev/PokeExplorer/ios
    builtin-create-build-directory /Users/user/Library/Developer/Xcode/DerivedData/PokeExplorer-hdwvjqfjukytidfpcmkehvkqrgny/Build/Intermediates.noindex/SwiftExplicitPrecompiledModules

CreateBuildDirectory /Users/user/Library/Developer/Xcode/DerivedData/PokeExplorer-hdwvjqfjukytidfpcmkehvkqrgny/Build/Intermediates.noindex/ExplicitPrecompiledModules
    cd /Users/user/FinalMobDev/PokeExplorer/ios
    builtin-create-build-directory /Users/user/Library/Developer/Xcode/DerivedData/PokeExplorer-hdwvjqfjukytidfpcmkehvkqrgny/Build/Intermediates.noindex/ExplicitPrecompiledModules

WriteAuxiliaryFile /Users/user/Library/Developer/Xcode/DerivedData/PokeExplorer-hdwvjqfjukytidfpcmkehvkqrgny/Build/Intermediates.noindex/Pods.build/Debug-iphonesimulator/Pods-8699adb1dd336b26511df848a716bd42-VFS-iphonesimulator/all-product-headers.yaml
    cd /Users/user/FinalMobDev/PokeExplorer/ios
    write-file /Users/user/Library/Developer/Xcode/DerivedData/PokeExplorer-hdwvjqfjukytidfpcmkehvkqrgny/Build/Intermediates.noindex/Pods.build/Debug-iphonesimulator/Pods-8699adb1dd336b26511df848a716bd42-VFS-iphonesimulator/all-product-headers.yaml

WriteAuxiliaryFile /Users/user/Library/Developer/Xcode/DerivedData/PokeExplorer-hdwvjqfjukytidfpcmkehvkqrgny/Build/Intermediates.noindex/PokeExplorer.build/Debug-iphonesimulator/PokeExplorer-50cda077058ab937eb2cdddcb02159d4-VFS-iphonesimulator/all-product-headers.yaml
    cd /Users/user/FinalMobDev/PokeExplorer/ios
    write-file /Users/user/Library/Developer/Xcode/DerivedData/PokeExplorer-hdwvjqfjukytidfpcmkehvkqrgny/Build/Intermediates.noindex/PokeExplorer.build/Debug-iphonesimulator/PokeExplorer-50cda077058ab937eb2cdddcb02159d4-VFS-iphonesimulator/all-product-headers.yaml

CreateBuildDirectory /Users/user/Library/Developer/Xcode/DerivedData/PokeExplorer-hdwvjqfjukytidfpcmkehvkqrgny/Build/Intermediates.noindex/EagerLinkingTBDs/Debug-iphonesimulator
    cd /Users/user/FinalMobDev/PokeExplorer/ios
    builtin-create-build-directory /Users/user/Library/Developer/Xcode/DerivedData/PokeExplorer-hdwvjqfjukytidfpcmkehvkqrgny/Build/Intermediates.noindex/EagerLinkingTBDs/Debug-iphonesimulator

warning: Run script build phase '[CP-User] [Hermes] Replace Hermes for the right configuration, if needed' will be run during every build because it does not specify any outputs. To address this issue, either add output dependencies to the script phase, or configure it to run in every build by unchecking "Based on dependency analysis" in the script phase. (in target 'hermes-engine' from project 'Pods')
WriteAuxiliaryFile /Users/user/Library/Developer/Xcode/DerivedData/PokeExplorer-hdwvjqfjukytidfpcmkehvkqrgny/Build/Intermediates.noindex/Pods.build/Debug-iphonesimulator/hermes-engine.build/InputFileList-46EB2E0002CB60-hermes-engine-xcframeworks-input-files-ff20e8edc56f352ecf1fe7f65c6bfeed-resolved.xcfilelist (in target 'hermes-engine' from project 'Pods')
    cd /Users/user/FinalMobDev/PokeExplorer/ios/Pods
    write-file /Users/user/Library/Developer/Xcode/DerivedData/PokeExplorer-hdwvjqfjukytidfpcmkehvkqrgny/Build/Intermediates.noindex/Pods.build/Debug-iphonesimulator/hermes-engine.build/InputFileList-46EB2E0002CB60-hermes-engine-xcframeworks-input-files-ff20e8edc56f352ecf1fe7f65c6bfeed-resolved.xcfilelist

WriteAuxiliaryFile /Users/user/Library/Developer/Xcode/DerivedData/PokeExplorer-hdwvjqfjukytidfpcmkehvkqrgny/Build/Intermediates.noindex/Pods.build/Debug-iphonesimulator/hermes-engine.build/Script-46EB2E0002CB60.sh (in target 'hermes-engine' from project 'Pods')
    cd /Users/user/FinalMobDev/PokeExplorer/ios/Pods
    write-file /Users/user/Library/Developer/Xcode/DerivedData/PokeExplorer-hdwvjqfjukytidfpcmkehvkqrgny/Build/Intermediates.noindex/Pods.build/Debug-iphonesimulator/hermes-engine.build/Script-46EB2E0002CB60.sh

WriteAuxiliaryFile /Users/user/Library/Developer/Xcode/DerivedData/PokeExplorer-hdwvjqfjukytidfpcmkehvkqrgny/Build/Intermediates.noindex/Pods.build/Debug-iphonesimulator/hermes-engine.build/OutputFileList-46EB2E0002CB60-hermes-engine-xcframeworks-output-files-1ad703c1d971ecb37351b318656b49e2-resolved.xcfilelist (in target 'hermes-engine' from project 'Pods')
    cd /Users/user/FinalMobDev/PokeExplorer/ios/Pods
    write-file /Users/user/Library/Developer/Xcode/DerivedData/PokeExplorer-hdwvjqfjukytidfpcmkehvkqrgny/Build/Intermediates.noindex/Pods.build/Debug-iphonesimulator/hermes-engine.build/OutputFileList-46EB2E0002CB60-hermes-engine-xcframeworks-output-files-1ad703c1d971ecb37351b318656b49e2-resolved.xcfilelist

WriteAuxiliaryFile /Users/user/Library/Developer/Xcode/DerivedData/PokeExplorer-hdwvjqfjukytidfpcmkehvkqrgny/Build/Intermediates.noindex/Pods.build/Debug-iphonesimulator/FBReactNativeSpec.build/Script-46EB2E0002CB40.sh (in target 'FBReactNativeSpec' from project 'Pods')
    cd /Users/user/FinalMobDev/PokeExplorer/ios/Pods
    write-file /Users/user/Library/Developer/Xcode/DerivedData/PokeExplorer-hdwvjqfjukytidfpcmkehvkqrgny/Build/Intermediates.noindex/Pods.build/Debug-iphonesimulator/FBReactNativeSpec.build/Script-46EB2E0002CB40.sh

WriteAuxiliaryFile /Users/user/Library/Developer/Xcode/DerivedData/PokeExplorer-hdwvjqfjukytidfpcmkehvkqrgny/Build/Intermediates.noindex/Pods.build/Debug-iphonesimulator/hermes-engine.build/Script-46EB2E0002CB70.sh (in target 'hermes-engine' from project 'Pods')
    